--------------------------------------------------------
--  DDL for Sequence POST_ID_SEQ
--------------------------------------------------------

   CREATE SEQUENCE  "POST_ID_SEQ"  MINVALUE 1 MAXVALUE 9999999999999999999999999999 INCREMENT BY 1 START WITH 7 NOCACHE  NOORDER  NOCYCLE  NOKEEP  NOSCALE  GLOBAL ;
--------------------------------------------------------
--  DDL for Table APPLICATIONS
--------------------------------------------------------

  CREATE TABLE "APPLICATIONS" 
   (	"APP_ID" NUMBER, 
	"USER_ID" VARCHAR2(20 BYTE), 
	"APLNUM" NUMBER(20,0), 
	"POST_ID" VARCHAR2(300 BYTE), 
	"TITLE" VARCHAR2(100 BYTE), 
	"APP_DATE" DATE DEFAULT SYSDATE, 
	"PICTURE" VARCHAR2(300 BYTE), 
	"LOCATION" VARCHAR2(100 BYTE), 
	"RESULT" VARCHAR2(20 BYTE) DEFAULT '대기'
   ) SEGMENT CREATION IMMEDIATE 
  PCTFREE 10 PCTUSED 40 INITRANS 1 MAXTRANS 255 
 NOCOMPRESS LOGGING
  STORAGE(INITIAL 65536 NEXT 1048576 MINEXTENTS 1 MAXEXTENTS 2147483645
  PCTINCREASE 0 FREELISTS 1 FREELIST GROUPS 1
  BUFFER_POOL DEFAULT FLASH_CACHE DEFAULT CELL_FLASH_CACHE DEFAULT)
  TABLESPACE "USERS" ;
--------------------------------------------------------
--  DDL for Table COMBOOKMARK
--------------------------------------------------------

  CREATE TABLE "COMBOOKMARK" 
   (	"CBOOK_ID" NUMBER, 
	"USER_ID" VARCHAR2(20 BYTE), 
	"COMPNAME" VARCHAR2(30 BYTE), 
	"USERNAME" VARCHAR2(100 BYTE), 
	"BIRTH" VARCHAR2(100 BYTE), 
	"PHONE_NUMBER" VARCHAR2(300 BYTE), 
	"TITLE" VARCHAR2(100 BYTE), 
	"BOOKMARK" VARCHAR2(20 BYTE) DEFAULT 'OFF', 
	"S_DATE" DATE DEFAULT SYSDATE, 
	"JJIM" VARCHAR2(20 BYTE) DEFAULT 'OFF'
   ) SEGMENT CREATION IMMEDIATE 
  PCTFREE 10 PCTUSED 40 INITRANS 1 MAXTRANS 255 
 NOCOMPRESS LOGGING
  STORAGE(INITIAL 65536 NEXT 1048576 MINEXTENTS 1 MAXEXTENTS 2147483645
  PCTINCREASE 0 FREELISTS 1 FREELIST GROUPS 1
  BUFFER_POOL DEFAULT FLASH_CACHE DEFAULT CELL_FLASH_CACHE DEFAULT)
  TABLESPACE "USERS" ;

   COMMENT ON COLUMN "COMBOOKMARK"."BOOKMARK" IS '픽미기능';
--------------------------------------------------------
--  DDL for Table COMMENTS
--------------------------------------------------------

  CREATE TABLE "COMMENTS" 
   (	"COMT_ID" NUMBER, 
	"CSP_ID" NUMBER, 
	"USER_ID" VARCHAR2(20 BYTE), 
	"CONTENT" VARCHAR2(1500 BYTE), 
	"C_DATE" DATE DEFAULT SYSDATE
   ) SEGMENT CREATION IMMEDIATE 
  PCTFREE 10 PCTUSED 40 INITRANS 1 MAXTRANS 255 
 NOCOMPRESS LOGGING
  STORAGE(INITIAL 65536 NEXT 1048576 MINEXTENTS 1 MAXEXTENTS 2147483645
  PCTINCREASE 0 FREELISTS 1 FREELIST GROUPS 1
  BUFFER_POOL DEFAULT FLASH_CACHE DEFAULT CELL_FLASH_CACHE DEFAULT)
  TABLESPACE "USERS" ;
--------------------------------------------------------
--  DDL for Table COMPANY
--------------------------------------------------------

  CREATE TABLE "COMPANY" 
   (	"COMPNAME" VARCHAR2(30 BYTE), 
	"CEO" VARCHAR2(15 BYTE), 
	"PHONE_NUMBER" VARCHAR2(20 BYTE), 
	"ADDRESS" VARCHAR2(300 BYTE), 
	"CREATE_DATE" NUMBER(4,0), 
	"BUSINESS_TYPE" VARCHAR2(20 BYTE), 
	"LOGO" VARCHAR2(300 BYTE) DEFAULT '/img/ex.PNG', 
	"AVERAGE" NUMBER DEFAULT 0  -- 평균 평점 

   ) SEGMENT CREATION IMMEDIATE 
  PCTFREE 10 PCTUSED 40 INITRANS 1 MAXTRANS 255 
 NOCOMPRESS LOGGING
  STORAGE(INITIAL 65536 NEXT 1048576 MINEXTENTS 1 MAXEXTENTS 2147483645
  PCTINCREASE 0 FREELISTS 1 FREELIST GROUPS 1
  BUFFER_POOL DEFAULT FLASH_CACHE DEFAULT CELL_FLASH_CACHE DEFAULT)
  TABLESPACE "USERS" ;
--------------------------------------------------------
--  DDL for Table COMPANY_REVIEWS
--------------------------------------------------------

  CREATE TABLE "COMPANY_REVIEWS" 
   (	"REVIEW_ID" NUMBER GENERATED BY DEFAULT AS IDENTITY MINVALUE 1 MAXVALUE 9999999999999999999999999999 INCREMENT BY 1 START WITH 1 CACHE 20 NOORDER  NOCYCLE  NOKEEP  NOSCALE , 
	"USER_ID" VARCHAR2(20 BYTE), 
	"COMPNAME" VARCHAR2(30 BYTE), 
	"RATING" NUMBER, 
	"CONTENT" VARCHAR2(1500 BYTE), 
	"REVIEW_DATE" DATE DEFAULT SYSDATE, 
	"TITLE" VARCHAR2(255 BYTE), 
	"DIFFICULTY" NUMBER DEFAULT 0, 
	"MOOD" NUMBER DEFAULT 0
   ) SEGMENT CREATION IMMEDIATE 
  PCTFREE 10 PCTUSED 40 INITRANS 1 MAXTRANS 255 
 NOCOMPRESS LOGGING
  STORAGE(INITIAL 65536 NEXT 1048576 MINEXTENTS 1 MAXEXTENTS 2147483645
  PCTINCREASE 0 FREELISTS 1 FREELIST GROUPS 1
  BUFFER_POOL DEFAULT FLASH_CACHE DEFAULT CELL_FLASH_CACHE DEFAULT)
  TABLESPACE "USERS" ;
--------------------------------------------------------
--  DDL for Table COMPANY_USERS
--------------------------------------------------------

  CREATE TABLE "COMPANY_USERS" 
   (	"USER_ID" VARCHAR2(20 BYTE), 
	"USERNAME" VARCHAR2(50 BYTE), 
	"COMPNAME" VARCHAR2(30 BYTE), 
	"EMAIL" VARCHAR2(100 BYTE), 
	"PASSWORD" VARCHAR2(300 BYTE), 
	"PHONE_NUMBER" VARCHAR2(20 BYTE), 
	"J_DATE" DATE DEFAULT SYSDATE    -- 가입 날짜

   ) SEGMENT CREATION IMMEDIATE 
  PCTFREE 10 PCTUSED 40 INITRANS 1 MAXTRANS 255 
 NOCOMPRESS LOGGING
  STORAGE(INITIAL 65536 NEXT 1048576 MINEXTENTS 1 MAXEXTENTS 2147483645
  PCTINCREASE 0 FREELISTS 1 FREELIST GROUPS 1
  BUFFER_POOL DEFAULT FLASH_CACHE DEFAULT CELL_FLASH_CACHE DEFAULT)
  TABLESPACE "USERS" ;
--------------------------------------------------------
--  DDL for Table CS
--------------------------------------------------------

  CREATE TABLE "CS" 
   (	"CSP_ID" NUMBER(20,0), 
	"TYPE" VARCHAR2(100 BYTE), 
	"CSP_TITLE" VARCHAR2(500 BYTE), 
	"USER_ID" VARCHAR2(20 BYTE), 
	"CSP_PW" VARCHAR2(20 BYTE), 
	"CONTENT" VARCHAR2(1000 BYTE), 
	"CSP_FILE" VARCHAR2(500 BYTE), 
	"EMAIL" VARCHAR2(100 BYTE), 
	"RESULT" VARCHAR2(50 BYTE) DEFAULT '대기', 
	"C_DATE" DATE DEFAULT SYSDATE     -- 작성일

   ) SEGMENT CREATION IMMEDIATE 
  PCTFREE 10 PCTUSED 40 INITRANS 1 MAXTRANS 255 
 NOCOMPRESS LOGGING
  STORAGE(INITIAL 65536 NEXT 1048576 MINEXTENTS 1 MAXEXTENTS 2147483645
  PCTINCREASE 0 FREELISTS 1 FREELIST GROUPS 1
  BUFFER_POOL DEFAULT FLASH_CACHE DEFAULT CELL_FLASH_CACHE DEFAULT)
  TABLESPACE "USERS" ;
--------------------------------------------------------
--  DDL for Table JOBPOSTING
--------------------------------------------------------

  CREATE TABLE "JOBPOSTING" 
   (	"APLNUM" NUMBER(20,0), 
	"POST_ID" VARCHAR2(300 BYTE), 
	"USER_ID" VARCHAR2(20 BYTE), 
	"COMPNAME" VARCHAR2(30 BYTE), 
	"RECRUITNUM" NUMBER(30,0), 
	"DEADLINE" DATE, 
	"DUTY" VARCHAR2(1000 BYTE), 
	"CAREER" VARCHAR2(100 BYTE), 
	"EDU" VARCHAR2(100 BYTE), 
	"SKILLS" VARCHAR2(100 BYTE), 
	"LICENSES" VARCHAR2(100 BYTE), 
	"WORKSPACE" VARCHAR2(20 BYTE), 
	"SALARY" NUMBER(20,0), 
	"DEPARTMENT" VARCHAR2(30 BYTE), 
	"HIT" NUMBER(20,0) DEFAULT 0          -- 조회수
, 
	"HOPESCORE" NUMBER(3,0), 
	"LICENSESSCORE" NUMBER(3,0), 
	"SKILLSSCORE" NUMBER(3,0), 
	"EDUSCORE" NUMBER(3,0), 
	"CAREERSCORE" NUMBER(3,0)
   ) SEGMENT CREATION IMMEDIATE 
  PCTFREE 10 PCTUSED 40 INITRANS 1 MAXTRANS 255 
 NOCOMPRESS LOGGING
  STORAGE(INITIAL 65536 NEXT 1048576 MINEXTENTS 1 MAXEXTENTS 2147483645
  PCTINCREASE 0 FREELISTS 1 FREELIST GROUPS 1
  BUFFER_POOL DEFAULT FLASH_CACHE DEFAULT CELL_FLASH_CACHE DEFAULT)
  TABLESPACE "USERS" ;
--------------------------------------------------------
--  DDL for Table MESSAGES
--------------------------------------------------------

  CREATE TABLE "MESSAGES" 
   (	"MESSAGE_ID" NUMBER, 
	"SENDER_USERID" VARCHAR2(20 BYTE) DEFAULT ' ', 
	"SENDER_USERNAME" VARCHAR2(50 BYTE) DEFAULT ' ', 
	"SENDER_COMPID" VARCHAR2(20 BYTE) DEFAULT ' ', 
	"SENDER_COMPNAME" VARCHAR2(50 BYTE) DEFAULT ' ', 
	"RECEIVER_USERID" VARCHAR2(20 BYTE) DEFAULT ' ', 
	"RECEIVER_USERNAME" VARCHAR2(50 BYTE) DEFAULT ' ', 
	"RECEIVER_COMPID" VARCHAR2(20 BYTE) DEFAULT ' ', 
	"RECEIVER_COMPNAME" VARCHAR2(50 BYTE) DEFAULT ' ', 
	"RECEIVER_EMAIL" VARCHAR2(100 BYTE) DEFAULT ' ', 
	"MCONTENT" VARCHAR2(1000 BYTE), 
	"STIME" DATE DEFAULT SYSDATE, 
	"IS_READ" VARCHAR2(1 BYTE) DEFAULT 'N', 
	"DIVISION" VARCHAR2(50 BYTE) DEFAULT '알림'                        -- 분류

   ) SEGMENT CREATION IMMEDIATE 
  PCTFREE 10 PCTUSED 40 INITRANS 1 MAXTRANS 255 
 NOCOMPRESS LOGGING
  STORAGE(INITIAL 65536 NEXT 1048576 MINEXTENTS 1 MAXEXTENTS 2147483645
  PCTINCREASE 0 FREELISTS 1 FREELIST GROUPS 1
  BUFFER_POOL DEFAULT FLASH_CACHE DEFAULT CELL_FLASH_CACHE DEFAULT)
  TABLESPACE "USERS" ;
--------------------------------------------------------
--  DDL for Table PICKTALK
--------------------------------------------------------

  CREATE TABLE "PICKTALK" 
   (	"USER_ID" VARCHAR2(20 BYTE), 
	"TITLE" VARCHAR2(100 BYTE), 
	"CONTENT" VARCHAR2(2000 BYTE), 
	"POST_DATE" DATE DEFAULT SYSDATE, 
	"VCOUNT" NUMBER DEFAULT 0                                     -- 조회수                            
, 
	"POST_ID" NUMBER
   ) SEGMENT CREATION IMMEDIATE 
  PCTFREE 10 PCTUSED 40 INITRANS 1 MAXTRANS 255 
 NOCOMPRESS LOGGING
  STORAGE(INITIAL 65536 NEXT 1048576 MINEXTENTS 1 MAXEXTENTS 2147483645
  PCTINCREASE 0 FREELISTS 1 FREELIST GROUPS 1
  BUFFER_POOL DEFAULT FLASH_CACHE DEFAULT CELL_FLASH_CACHE DEFAULT)
  TABLESPACE "USERS" ;
--------------------------------------------------------
--  DDL for Table PICKTALK_COMMENTS
--------------------------------------------------------

  CREATE TABLE "PICKTALK_COMMENTS" 
   (	"COMMENT_ID" NUMBER GENERATED BY DEFAULT AS IDENTITY MINVALUE 1 MAXVALUE 9999999999999999999999999999 INCREMENT BY 1 START WITH 1 CACHE 20 NOORDER  NOCYCLE  NOKEEP  NOSCALE , 
	"POST_ID" NUMBER, 
	"USER_ID" VARCHAR2(20 BYTE), 
	"CONTENT" VARCHAR2(1000 BYTE), 
	"COMMENT_DATE" DATE DEFAULT SYSDATE, 
	"PARENT_COMMENT_ID" NUMBER
   ) SEGMENT CREATION IMMEDIATE 
  PCTFREE 10 PCTUSED 40 INITRANS 1 MAXTRANS 255 
 NOCOMPRESS LOGGING
  STORAGE(INITIAL 65536 NEXT 1048576 MINEXTENTS 1 MAXEXTENTS 2147483645
  PCTINCREASE 0 FREELISTS 1 FREELIST GROUPS 1
  BUFFER_POOL DEFAULT FLASH_CACHE DEFAULT CELL_FLASH_CACHE DEFAULT)
  TABLESPACE "USERS" ;
--------------------------------------------------------
--  DDL for Table RESUMES
--------------------------------------------------------

  CREATE TABLE "RESUMES" 
   (	"TITLE" VARCHAR2(100 BYTE), 
	"USER_ID" VARCHAR2(20 BYTE), 
	"USERNAME" VARCHAR2(50 BYTE), 
	"EMAIL" VARCHAR2(100 BYTE), 
	"PHONE_NUMBER" VARCHAR2(20 BYTE), 
	"ADDRESS" VARCHAR2(300 BYTE), 
	"BIRTH" VARCHAR2(20 BYTE), 
	"GENDER" VARCHAR2(10 BYTE), 
	"NUMBER2" VARCHAR2(20 BYTE), 
	"CAREER" VARCHAR2(100 BYTE), 
	"CAREERS" VARCHAR2(1000 BYTE) DEFAULT '신입', 
	"EDUWHEN" VARCHAR2(100 BYTE), 
	"EDUWHER" VARCHAR2(100 BYTE), 
	"EDU" VARCHAR2(100 BYTE), 
	"MAJOR" VARCHAR2(100 BYTE), 
	"LICENSES1" VARCHAR2(100 BYTE), 
	"LICENSES2" VARCHAR2(100 BYTE), 
	"LICENSES3" VARCHAR2(100 BYTE), 
	"PUBLISHER1" VARCHAR2(100 BYTE), 
	"PUBLISHER2" VARCHAR2(100 BYTE), 
	"PUBLISHER3" VARCHAR2(100 BYTE), 
	"PASSDATE1" VARCHAR2(100 BYTE), 
	"PASSDATE2" VARCHAR2(100 BYTE), 
	"PASSDATE3" VARCHAR2(100 BYTE), 
	"SKILLS1" VARCHAR2(100 BYTE), 
	"SKILLS2" VARCHAR2(100 BYTE), 
	"SKILLS3" VARCHAR2(100 BYTE), 
	"SKILLS4" VARCHAR2(100 BYTE), 
	"SKILLS5" VARCHAR2(100 BYTE), 
	"PORTFOLIO" VARCHAR2(1000 BYTE), 
	"SELFINTRO" VARCHAR2(1500 BYTE), 
	"C_DATE" DATE DEFAULT SYSDATE, 
	"U_DATE" DATE DEFAULT SYSDATE     -- 수정일
, 
	"PHOTO" VARCHAR2(255 BYTE), 
	"LICENSES" VARCHAR2(200 BYTE)
   ) SEGMENT CREATION IMMEDIATE 
  PCTFREE 10 PCTUSED 40 INITRANS 1 MAXTRANS 255 
 NOCOMPRESS LOGGING
  STORAGE(INITIAL 65536 NEXT 1048576 MINEXTENTS 1 MAXEXTENTS 2147483645
  PCTINCREASE 0 FREELISTS 1 FREELIST GROUPS 1
  BUFFER_POOL DEFAULT FLASH_CACHE DEFAULT CELL_FLASH_CACHE DEFAULT)
  TABLESPACE "USERS" ;
--------------------------------------------------------
--  DDL for Table USERBOOKMARK
--------------------------------------------------------

  CREATE TABLE "USERBOOKMARK" 
   (	"UBOOK_ID" NUMBER, 
	"USER_ID" VARCHAR2(20 BYTE), 
	"COMPNAME" VARCHAR2(30 BYTE), 
	"POST_ID" VARCHAR2(300 BYTE), 
	"DEADLINE" DATE, 
	"S_DATE" DATE DEFAULT SYSDATE, 
	"JJIM" VARCHAR2(20 BYTE) DEFAULT 'OFF'                                  --찜(북마크 상태 )

   ) SEGMENT CREATION IMMEDIATE 
  PCTFREE 10 PCTUSED 40 INITRANS 1 MAXTRANS 255 
 NOCOMPRESS LOGGING
  STORAGE(INITIAL 65536 NEXT 1048576 MINEXTENTS 1 MAXEXTENTS 2147483645
  PCTINCREASE 0 FREELISTS 1 FREELIST GROUPS 1
  BUFFER_POOL DEFAULT FLASH_CACHE DEFAULT CELL_FLASH_CACHE DEFAULT)
  TABLESPACE "USERS" ;
--------------------------------------------------------
--  DDL for Table USERS
--------------------------------------------------------

  CREATE TABLE "USERS" 
   (	"USER_ID" VARCHAR2(20 BYTE), 
	"USERNAME" VARCHAR2(50 BYTE), 
	"EMAIL" VARCHAR2(100 BYTE), 
	"PASSWORD" VARCHAR2(300 BYTE), 
	"PHONE_NUMBER" VARCHAR2(20 BYTE), 
	"ADDRESS" VARCHAR2(300 BYTE), 
	"J_DATE" DATE DEFAULT SYSDATE    -- 가입 날짜

   ) SEGMENT CREATION IMMEDIATE 
  PCTFREE 10 PCTUSED 40 INITRANS 1 MAXTRANS 255 
 NOCOMPRESS LOGGING
  STORAGE(INITIAL 65536 NEXT 1048576 MINEXTENTS 1 MAXEXTENTS 2147483645
  PCTINCREASE 0 FREELISTS 1 FREELIST GROUPS 1
  BUFFER_POOL DEFAULT FLASH_CACHE DEFAULT CELL_FLASH_CACHE DEFAULT)
  TABLESPACE "USERS" ;
REM INSERTING into APPLICATIONS
SET DEFINE OFF;
Insert into APPLICATIONS (APP_ID,USER_ID,APLNUM,POST_ID,TITLE,APP_DATE,PICTURE,LOCATION,RESULT) values (4,'userb',21,'2024년 하반기 신입사원 채용공고','이력서_강태오',to_date('24/11/28','RR/MM/DD'),null,'서울','대기');
Insert into APPLICATIONS (APP_ID,USER_ID,APLNUM,POST_ID,TITLE,APP_DATE,PICTURE,LOCATION,RESULT) values (7,'usera',21,'2024년 하반기 신입사원 채용공고','이력서_김석진',to_date('24/11/28','RR/MM/DD'),null,'서울','대기');
Insert into APPLICATIONS (APP_ID,USER_ID,APLNUM,POST_ID,TITLE,APP_DATE,PICTURE,LOCATION,RESULT) values (6,'userd',23,'콘텐츠마케팅 팀장 채용','이력서_이주빈',to_date('24/11/28','RR/MM/DD'),null,'부산','대기');
Insert into APPLICATIONS (APP_ID,USER_ID,APLNUM,POST_ID,TITLE,APP_DATE,PICTURE,LOCATION,RESULT) values (5,'userc',23,'콘텐츠마케팅 팀장 채용','이력서_김지우',to_date('24/11/28','RR/MM/DD'),null,'부산','대기');
REM INSERTING into COMBOOKMARK
SET DEFINE OFF;
Insert into COMBOOKMARK (CBOOK_ID,USER_ID,COMPNAME,USERNAME,BIRTH,PHONE_NUMBER,TITLE,BOOKMARK,S_DATE,JJIM) values (1,'user1','네이버','김영희','1991-08-18','010-6666-6666','userf 이력서','OFF',to_date('24/11/28','RR/MM/DD'),'OFF');
Insert into COMBOOKMARK (CBOOK_ID,USER_ID,COMPNAME,USERNAME,BIRTH,PHONE_NUMBER,TITLE,BOOKMARK,S_DATE,JJIM) values (3,'user1','네이버','김석진','19900915','010-1111-1111','이력서_김석진','ON',to_date('24/11/28','RR/MM/DD'),'OFF');
Insert into COMBOOKMARK (CBOOK_ID,USER_ID,COMPNAME,USERNAME,BIRTH,PHONE_NUMBER,TITLE,BOOKMARK,S_DATE,JJIM) values (4,'user3','KG','김석진','19900915','010-1111-1111','이력서_김석진','ON',to_date('24/11/28','RR/MM/DD'),'OFF');
Insert into COMBOOKMARK (CBOOK_ID,USER_ID,COMPNAME,USERNAME,BIRTH,PHONE_NUMBER,TITLE,BOOKMARK,S_DATE,JJIM) values (2,'user1','네이버','강태오','19900915','010-2222-2222','이력서_강태오','ON',to_date('24/11/28','RR/MM/DD'),'OFF');
REM INSERTING into COMMENTS
SET DEFINE OFF;
Insert into COMMENTS (COMT_ID,CSP_ID,USER_ID,CONTENT,C_DATE) values (15,22,'user1','g',to_date('24/11/27','RR/MM/DD'));
Insert into COMMENTS (COMT_ID,CSP_ID,USER_ID,CONTENT,C_DATE) values (2,21,'user1','g',to_date('24/11/21','RR/MM/DD'));
Insert into COMMENTS (COMT_ID,CSP_ID,USER_ID,CONTENT,C_DATE) values (13,22,'usera','d',to_date('24/11/22','RR/MM/DD'));
REM INSERTING into COMPANY
SET DEFINE OFF;
Insert into COMPANY (COMPNAME,CEO,PHONE_NUMBER,ADDRESS,CREATE_DATE,BUSINESS_TYPE,LOGO,AVERAGE) values ('DB','김철수','02-1234-5678','서울시 DB로',2024,'IT','/img/DB.jpg',0);
Insert into COMPANY (COMPNAME,CEO,PHONE_NUMBER,ADDRESS,CREATE_DATE,BUSINESS_TYPE,LOGO,AVERAGE) values ('네이버','이정채','1588-8888','부산시 픽미구',2024,'복합기업','/img/네이버.png',4.25);
Insert into COMPANY (COMPNAME,CEO,PHONE_NUMBER,ADDRESS,CREATE_DATE,BUSINESS_TYPE,LOGO,AVERAGE) values ('IMM인베스트먼트','홍길동','010-1234-5678','서울시 투자구',2024,'금융기업','/img/IMM인베스트먼트.jpg',4);
Insert into COMPANY (COMPNAME,CEO,PHONE_NUMBER,ADDRESS,CREATE_DATE,BUSINESS_TYPE,LOGO,AVERAGE) values ('KG','김철수','02-9876-5432','대전시 KG로',2024,'제조업','/img/KG.jpg',0);
Insert into COMPANY (COMPNAME,CEO,PHONE_NUMBER,ADDRESS,CREATE_DATE,BUSINESS_TYPE,LOGO,AVERAGE) values ('SM','이영희','051-123-4567','부산시 SM타운',2024,'엔터테인먼트','/img/SM.png',0);
Insert into COMPANY (COMPNAME,CEO,PHONE_NUMBER,ADDRESS,CREATE_DATE,BUSINESS_TYPE,LOGO,AVERAGE) values ('교보생명보험','박민수','031-765-4321','경기도 교보로',2024,'보험업','/img/교보생명보험.jpg',0);
Insert into COMPANY (COMPNAME,CEO,PHONE_NUMBER,ADDRESS,CREATE_DATE,BUSINESS_TYPE,LOGO,AVERAGE) values ('금호석유화확','최지훈','02-3456-7890','서울시 금호로',2024,'화학기업','/img/금호석유화학.jpg',0);
Insert into COMPANY (COMPNAME,CEO,PHONE_NUMBER,ADDRESS,CREATE_DATE,BUSINESS_TYPE,LOGO,AVERAGE) values ('금호아시아나','이동욱','02-1234-5678','서울시 아시아나로',2024,'항공업','/img/금호아시아나.png',0);
Insert into COMPANY (COMPNAME,CEO,PHONE_NUMBER,ADDRESS,CREATE_DATE,BUSINESS_TYPE,LOGO,AVERAGE) values ('넥슨','유재석','02-2345-6789','서울시 게임로',2024,'게임업','/img/넥슨.png',0);
Insert into COMPANY (COMPNAME,CEO,PHONE_NUMBER,ADDRESS,CREATE_DATE,BUSINESS_TYPE,LOGO,AVERAGE) values ('넷마블','이상민','02-3456-7890','서울시 넷마블로',2024,'게임업','/img/넷마블.jpg',0);
Insert into COMPANY (COMPNAME,CEO,PHONE_NUMBER,ADDRESS,CREATE_DATE,BUSINESS_TYPE,LOGO,AVERAGE) values ('농협','김영희','031-654-3210','경기도 농협로',2024,'금융업','/img/농협.png',0);
Insert into COMPANY (COMPNAME,CEO,PHONE_NUMBER,ADDRESS,CREATE_DATE,BUSINESS_TYPE,LOGO,AVERAGE) values ('다우키움그룹','정수빈','02-2222-3333','서울시 다우로',2024,'금융업','/img/다우키움그룹.jpg',0);
Insert into COMPANY (COMPNAME,CEO,PHONE_NUMBER,ADDRESS,CREATE_DATE,BUSINESS_TYPE,LOGO,AVERAGE) values ('대림','이은주','02-4444-5555','서울시 대림로',2024,'건설업','/img/대림.jpg',0);
Insert into COMPANY (COMPNAME,CEO,PHONE_NUMBER,ADDRESS,CREATE_DATE,BUSINESS_TYPE,LOGO,AVERAGE) values ('대우건설','김상현','02-6666-7777','서울시 대우로',2024,'건설업','/img/대우건설.jpg',0);
Insert into COMPANY (COMPNAME,CEO,PHONE_NUMBER,ADDRESS,CREATE_DATE,BUSINESS_TYPE,LOGO,AVERAGE) values ('대우조선해양','안재욱','051-888-9999','부산시 대우조선로',2024,'조선업','/img/대우조선해양.jpg',0);
Insert into COMPANY (COMPNAME,CEO,PHONE_NUMBER,ADDRESS,CREATE_DATE,BUSINESS_TYPE,LOGO,AVERAGE) values ('동국제강','소현','02-0000-1111','서울시 동국로',2024,'제철업','/img/동국제강.jpg',0);
Insert into COMPANY (COMPNAME,CEO,PHONE_NUMBER,ADDRESS,CREATE_DATE,BUSINESS_TYPE,LOGO,AVERAGE) values ('동원','이호준','051-222-3333','부산시 동원로',2024,'식품업','/img/동원.jpg',0);
Insert into COMPANY (COMPNAME,CEO,PHONE_NUMBER,ADDRESS,CREATE_DATE,BUSINESS_TYPE,LOGO,AVERAGE) values ('두산','김민정','02-4444-9999','서울시 두산로',2024,'제조업','/img/두산.jpg',0);
Insert into COMPANY (COMPNAME,CEO,PHONE_NUMBER,ADDRESS,CREATE_DATE,BUSINESS_TYPE,LOGO,AVERAGE) values ('롯데','최영수','02-5555-8888','서울시 롯데타운',2024,'유통업','/img/롯데.png',0);
Insert into COMPANY (COMPNAME,CEO,PHONE_NUMBER,ADDRESS,CREATE_DATE,BUSINESS_TYPE,LOGO,AVERAGE) values ('미래에셋','오민수','02-6666-7777','서울시 금융로',2024,'금융업','/img/미래에셋.jpg',0);
Insert into COMPANY (COMPNAME,CEO,PHONE_NUMBER,ADDRESS,CREATE_DATE,BUSINESS_TYPE,LOGO,AVERAGE) values ('픽미','이정채','1588-8888','부산시 픽미구',2024,'복합기업','/img/로고.png',0);
REM INSERTING into COMPANY_REVIEWS
SET DEFINE OFF;
Insert into COMPANY_REVIEWS (REVIEW_ID,USER_ID,COMPNAME,RATING,CONTENT,REVIEW_DATE,TITLE,DIFFICULTY,MOOD) values (6,'usera','네이버',4.5,'1111',to_date('24/11/28','RR/MM/DD'),'1111',4,5);
Insert into COMPANY_REVIEWS (REVIEW_ID,USER_ID,COMPNAME,RATING,CONTENT,REVIEW_DATE,TITLE,DIFFICULTY,MOOD) values (7,'usera','IMM인베스트먼트',4.5,'1111',to_date('24/11/28','RR/MM/DD'),'1111',4,5);
Insert into COMPANY_REVIEWS (REVIEW_ID,USER_ID,COMPNAME,RATING,CONTENT,REVIEW_DATE,TITLE,DIFFICULTY,MOOD) values (8,'userb','네이버',4,'22222',to_date('24/11/28','RR/MM/DD'),'2222',3,5);
Insert into COMPANY_REVIEWS (REVIEW_ID,USER_ID,COMPNAME,RATING,CONTENT,REVIEW_DATE,TITLE,DIFFICULTY,MOOD) values (9,'userb','IMM인베스트먼트',3.5,'2222',to_date('24/11/28','RR/MM/DD'),'2222',4,3);
Insert into COMPANY_REVIEWS (REVIEW_ID,USER_ID,COMPNAME,RATING,CONTENT,REVIEW_DATE,TITLE,DIFFICULTY,MOOD) values (10,'userc','네이버',3.5,'3333',to_date('24/11/28','RR/MM/DD'),'3333',2,5);
Insert into COMPANY_REVIEWS (REVIEW_ID,USER_ID,COMPNAME,RATING,CONTENT,REVIEW_DATE,TITLE,DIFFICULTY,MOOD) values (11,'userd','네이버',5,'4444',to_date('24/11/28','RR/MM/DD'),'4444',5,5);
REM INSERTING into COMPANY_USERS
SET DEFINE OFF;
Insert into COMPANY_USERS (USER_ID,USERNAME,COMPNAME,EMAIL,PASSWORD,PHONE_NUMBER,J_DATE) values ('user1','사용자1','네이버','user1@naver.com','1234','010-1111-1111',to_date('24/10/30','RR/MM/DD'));
Insert into COMPANY_USERS (USER_ID,USERNAME,COMPNAME,EMAIL,PASSWORD,PHONE_NUMBER,J_DATE) values ('user2','사용자2','IMM인베스트먼트','user2@imm.com','1234','010-2222-2222',to_date('24/10/30','RR/MM/DD'));
Insert into COMPANY_USERS (USER_ID,USERNAME,COMPNAME,EMAIL,PASSWORD,PHONE_NUMBER,J_DATE) values ('user3','사용자3','KG','user3@kg.com','1234','010-3333-3333',to_date('24/10/30','RR/MM/DD'));
Insert into COMPANY_USERS (USER_ID,USERNAME,COMPNAME,EMAIL,PASSWORD,PHONE_NUMBER,J_DATE) values ('user4','사용자4','SM','user4@sm.com','1234','010-4444-4444',to_date('24/10/30','RR/MM/DD'));
Insert into COMPANY_USERS (USER_ID,USERNAME,COMPNAME,EMAIL,PASSWORD,PHONE_NUMBER,J_DATE) values ('user5','사용자5','교보생명보험','user5@kyobo.com','1234','010-5555-5555',to_date('24/10/30','RR/MM/DD'));
Insert into COMPANY_USERS (USER_ID,USERNAME,COMPNAME,EMAIL,PASSWORD,PHONE_NUMBER,J_DATE) values ('user6','사용자6','금호석유화확','user6@kumho.com','1234','010-6666-6666',to_date('24/10/30','RR/MM/DD'));
Insert into COMPANY_USERS (USER_ID,USERNAME,COMPNAME,EMAIL,PASSWORD,PHONE_NUMBER,J_DATE) values ('user7','사용자7','금호아시아나','user7@kumhoasiana.com','1234','010-7777-7777',to_date('24/10/30','RR/MM/DD'));
Insert into COMPANY_USERS (USER_ID,USERNAME,COMPNAME,EMAIL,PASSWORD,PHONE_NUMBER,J_DATE) values ('user8','사용자8','넥슨','user8@nexon.com','1234','010-8888-8888',to_date('24/10/30','RR/MM/DD'));
Insert into COMPANY_USERS (USER_ID,USERNAME,COMPNAME,EMAIL,PASSWORD,PHONE_NUMBER,J_DATE) values ('user9','사용자9','넷마블','user9@netmarble.com','1234','010-9999-9999',to_date('24/10/30','RR/MM/DD'));
Insert into COMPANY_USERS (USER_ID,USERNAME,COMPNAME,EMAIL,PASSWORD,PHONE_NUMBER,J_DATE) values ('user10','사용자10','농협','user10@nonghyup.com','1234','010-0000-0000',to_date('24/10/30','RR/MM/DD'));
Insert into COMPANY_USERS (USER_ID,USERNAME,COMPNAME,EMAIL,PASSWORD,PHONE_NUMBER,J_DATE) values ('user11','사용자11','다우키움그룹','user11@daou.com','1234','010-1212-1212',to_date('24/10/30','RR/MM/DD'));
Insert into COMPANY_USERS (USER_ID,USERNAME,COMPNAME,EMAIL,PASSWORD,PHONE_NUMBER,J_DATE) values ('user12','사용자12','대림','user12@daelim.com','1234','010-1313-1313',to_date('24/10/30','RR/MM/DD'));
Insert into COMPANY_USERS (USER_ID,USERNAME,COMPNAME,EMAIL,PASSWORD,PHONE_NUMBER,J_DATE) values ('user13','사용자13','대우건설','user13@daewoo.com','1234','010-1414-1414',to_date('24/10/30','RR/MM/DD'));
Insert into COMPANY_USERS (USER_ID,USERNAME,COMPNAME,EMAIL,PASSWORD,PHONE_NUMBER,J_DATE) values ('user14','사용자14','대우조선해양','user14@daewoo.com','1234','010-1515-1515',to_date('24/10/30','RR/MM/DD'));
Insert into COMPANY_USERS (USER_ID,USERNAME,COMPNAME,EMAIL,PASSWORD,PHONE_NUMBER,J_DATE) values ('user15','사용자15','DB','user21@db.com','1234','010-2020-2020',to_date('24/10/30','RR/MM/DD'));
Insert into COMPANY_USERS (USER_ID,USERNAME,COMPNAME,EMAIL,PASSWORD,PHONE_NUMBER,J_DATE) values ('user16','사용자16','동국제강','user16@dongkuk.com','1234','010-1717-1717',to_date('24/10/30','RR/MM/DD'));
Insert into COMPANY_USERS (USER_ID,USERNAME,COMPNAME,EMAIL,PASSWORD,PHONE_NUMBER,J_DATE) values ('user17','사용자17','동원','user17@dongwon.com','1234','010-1818-1818',to_date('24/10/30','RR/MM/DD'));
Insert into COMPANY_USERS (USER_ID,USERNAME,COMPNAME,EMAIL,PASSWORD,PHONE_NUMBER,J_DATE) values ('user18','사용자18','두산','user18@doosan.com','1234','010-1919-1919',to_date('24/10/30','RR/MM/DD'));
Insert into COMPANY_USERS (USER_ID,USERNAME,COMPNAME,EMAIL,PASSWORD,PHONE_NUMBER,J_DATE) values ('user19','사용자19','롯데','user19@lotte.com','1234','010-2020-2020',to_date('24/10/30','RR/MM/DD'));
Insert into COMPANY_USERS (USER_ID,USERNAME,COMPNAME,EMAIL,PASSWORD,PHONE_NUMBER,J_DATE) values ('user20','사용자20','미래에셋','user20@futureasset.com','1234','010-2121-2121',to_date('24/10/30','RR/MM/DD'));
Insert into COMPANY_USERS (USER_ID,USERNAME,COMPNAME,EMAIL,PASSWORD,PHONE_NUMBER,J_DATE) values ('admin','관리자','픽미','admin@pickme.com','1234','010-1234-5678',to_date('24/10/30','RR/MM/DD'));
REM INSERTING into CS
SET DEFINE OFF;
Insert into CS (CSP_ID,TYPE,CSP_TITLE,USER_ID,CSP_PW,CONTENT,CSP_FILE,EMAIL,RESULT,C_DATE) values (22,'로그인','dfsd','usera',null,'sdfd',null,'finally13@naver.com','대기',to_date('24/11/22','RR/MM/DD'));
Insert into CS (CSP_ID,TYPE,CSP_TITLE,USER_ID,CSP_PW,CONTENT,CSP_FILE,EMAIL,RESULT,C_DATE) values (23,'로그인','dfsd','usera',null,'asdf',null,'finally13@naver.com','대기',to_date('24/11/22','RR/MM/DD'));
Insert into CS (CSP_ID,TYPE,CSP_TITLE,USER_ID,CSP_PW,CONTENT,CSP_FILE,EMAIL,RESULT,C_DATE) values (18,'로그인','로그인 시 OOOO가 안됩니다.','user1',null,'로그인 시 OO가 안되는 문제는 여러 가지 원인으로 발생할 수 있습니다. 예를 들어, 네트워크 연결이 불안정하거나 서버에 문제가 있을 수 있습니다. 또한, 사용자 계정 정보가 잘못 입력되었거나 비밀번호가 변경되었을 가능성도 있습니다비밀번호가 변경되었을 가능성도 있습니다.비밀번호가 변경되었을 가능성도 있습니다.',null,'sdfsdf@naver.com','대기',to_date('24/10/31','RR/MM/DD'));
Insert into CS (CSP_ID,TYPE,CSP_TITLE,USER_ID,CSP_PW,CONTENT,CSP_FILE,EMAIL,RESULT,C_DATE) values (1,'로그인','로그인이 안돼요','admin','1234','로그인이 되지 않을 경우 회원님의 PC 설정상태를 확인해 주시기 바랍니다.',' ',' ','대기',to_date('24/10/25','RR/MM/DD'));
Insert into CS (CSP_ID,TYPE,CSP_TITLE,USER_ID,CSP_PW,CONTENT,CSP_FILE,EMAIL,RESULT,C_DATE) values (2,'회원정보','회원탈퇴는 어떻게 하나요?','admin','1234','회원탈퇴는 로그인 후 개인회원 홈 > 마이페이지 > 회원탈퇴 버튼을 눌러 회원탈퇴 하실 수 있습니다.',' ',' ','대기',to_date('24/10/25','RR/MM/DD'));
Insert into CS (CSP_ID,TYPE,CSP_TITLE,USER_ID,CSP_PW,CONTENT,CSP_FILE,EMAIL,RESULT,C_DATE) values (3,'이력서','이력서는 몇 개까지 등록 가능한가요?','admin','1234','이력서는 한 ID 당 최대 10개의 이력서를 등록할 수 있습니다.',' ',' ','대기',to_date('24/10/25','RR/MM/DD'));
Insert into CS (CSP_ID,TYPE,CSP_TITLE,USER_ID,CSP_PW,CONTENT,CSP_FILE,EMAIL,RESULT,C_DATE) values (4,'입사지원','입사지원 후 입사지원 취소가 가능한가요?','admin','1234','등록 이력서 관리 메뉴에서 "지원취소" 시 입사지원 취소가 가능합니다.',' ',' ','대기',to_date('24/10/25','RR/MM/DD'));
Insert into CS (CSP_ID,TYPE,CSP_TITLE,USER_ID,CSP_PW,CONTENT,CSP_FILE,EMAIL,RESULT,C_DATE) values (5,'채용정보','채용공고를 마감순으로 볼 수 있나요?','admin','1234','현재 채용공고 리스트는 추천순이 기본으로 설정 되어 있습니다. 추천순 클릭 > 마감일순으로 선택하시면, 오늘 마감되는 공고부터 확인할 수 있습니다.',' ',' ','대기',to_date('24/10/25','RR/MM/DD'));
Insert into CS (CSP_ID,TYPE,CSP_TITLE,USER_ID,CSP_PW,CONTENT,CSP_FILE,EMAIL,RESULT,C_DATE) values (6,'기타','휴대폰으로 결제를 했는데 중복 결제가 되었어요. 어떻게 하나요?','admin','1234','휴대폰 결제를 진행하던 중, 사용자 조작 오류 등의 원인에 의해서 중복 결제가 되었다면, 고객센터에서 확인하여 조치해 드립니다.',' ',' ','대기',to_date('24/10/25','RR/MM/DD'));
Insert into CS (CSP_ID,TYPE,CSP_TITLE,USER_ID,CSP_PW,CONTENT,CSP_FILE,EMAIL,RESULT,C_DATE) values (21,'로그인','test','usera',null,'useraaaaaaaaa',null,'finally13@naver.com','대기',to_date('24/10/31','RR/MM/DD'));
Insert into CS (CSP_ID,TYPE,CSP_TITLE,USER_ID,CSP_PW,CONTENT,CSP_FILE,EMAIL,RESULT,C_DATE) values (10,'로그인','usera 비번','usera','1234','sdf','sdfsd','finally13@naver.com','대기',to_date('24/10/30','RR/MM/DD'));
Insert into CS (CSP_ID,TYPE,CSP_TITLE,USER_ID,CSP_PW,CONTENT,CSP_FILE,EMAIL,RESULT,C_DATE) values (17,'로그인','usera 비번없음','usera',null,'asdffffffffff',null,'finally13@naver.com','대기',to_date('24/10/30','RR/MM/DD'));
Insert into CS (CSP_ID,TYPE,CSP_TITLE,USER_ID,CSP_PW,CONTENT,CSP_FILE,EMAIL,RESULT,C_DATE) values (7,'로그인','등록한 이력서가 안보여요','user1','1234','등록한 이력서가 안보여요',' 12','mimi@samsung.com','대기',to_date('24/10/30','RR/MM/DD'));
REM INSERTING into JOBPOSTING
SET DEFINE OFF;
Insert into JOBPOSTING (APLNUM,POST_ID,USER_ID,COMPNAME,RECRUITNUM,DEADLINE,DUTY,CAREER,EDU,SKILLS,LICENSES,WORKSPACE,SALARY,DEPARTMENT,HIT,HOPESCORE,LICENSESSCORE,SKILLSSCORE,EDUSCORE,CAREERSCORE) values (23,'콘텐츠마케팅 팀장 채용','user1','네이버',1,to_date('24/11/30','RR/MM/DD'),'-신규광고주 발굴 및 컨택
-광고컨설팅 및 제안','경력(2년이상~5년미만)','학사이상','고객관리,SNS마케팅','사무자동화산업기사,워드프로세서,컴퓨터활용능력1급','부산',6000,'마케팅,홍보,조사',38,25,5,5,3,4);
Insert into JOBPOSTING (APLNUM,POST_ID,USER_ID,COMPNAME,RECRUITNUM,DEADLINE,DUTY,CAREER,EDU,SKILLS,LICENSES,WORKSPACE,SALARY,DEPARTMENT,HIT,HOPESCORE,LICENSESSCORE,SKILLSSCORE,EDUSCORE,CAREERSCORE) values (21,'2024년 하반기 신입사원 채용공고','user1','네이버',2,to_date('24/12/05','RR/MM/DD'),'마케팅','신입','석사이상','고객관리,계약협상,네트워킹','컴퓨터활용능력1급','서울',4000,'마케팅,홍보,조사',156,15,3,3,3,3);
Insert into JOBPOSTING (APLNUM,POST_ID,USER_ID,COMPNAME,RECRUITNUM,DEADLINE,DUTY,CAREER,EDU,SKILLS,LICENSES,WORKSPACE,SALARY,DEPARTMENT,HIT,HOPESCORE,LICENSESSCORE,SKILLSSCORE,EDUSCORE,CAREERSCORE) values (24,'2024년 하반기 각 분야 채용공고','user2','IMM인베스트먼트',1,to_date('25/01/17','RR/MM/DD'),'인사담당자','신입','초대졸','고객관리','2급청소년지도사','강원',2000,'인사,노무,HRD',0,10,3,3,3,2);
Insert into JOBPOSTING (APLNUM,POST_ID,USER_ID,COMPNAME,RECRUITNUM,DEADLINE,DUTY,CAREER,EDU,SKILLS,LICENSES,WORKSPACE,SALARY,DEPARTMENT,HIT,HOPESCORE,LICENSESSCORE,SKILLSSCORE,EDUSCORE,CAREERSCORE) values (1,'2024년 하반기 각 분야 채용공고','user1','네이버',5,to_date('24/12/31','RR/MM/DD'),'웹개발GG','무관','학사이상','Java, Python','정보처리기사','서울',3000,'기획,전략',215,10,3,3,3,1);
Insert into JOBPOSTING (APLNUM,POST_ID,USER_ID,COMPNAME,RECRUITNUM,DEADLINE,DUTY,CAREER,EDU,SKILLS,LICENSES,WORKSPACE,SALARY,DEPARTMENT,HIT,HOPESCORE,LICENSESSCORE,SKILLSSCORE,EDUSCORE,CAREERSCORE) values (2,'마케팅,홍보,조사 공고1','user2','IMM인베스트먼트',3,to_date('24/11/30','RR/MM/DD'),'재무분석','경력(~2년미만)','초대졸','고객관리,계약협상','2급청소년상담사,3D프린터운용기능사','서울',4000,'마케팅,홍보,조사',40,20,3,4,2,3);
Insert into JOBPOSTING (APLNUM,POST_ID,USER_ID,COMPNAME,RECRUITNUM,DEADLINE,DUTY,CAREER,EDU,SKILLS,LICENSES,WORKSPACE,SALARY,DEPARTMENT,HIT,HOPESCORE,LICENSESSCORE,SKILLSSCORE,EDUSCORE,CAREERSCORE) values (3,'마케팅,홍보,조사 공고2','user3','KG',2,to_date('24/12/15','RR/MM/DD'),'생산관리','경력(~2년미만)','무관','네트워킹','컴퓨터활용능력1급,전자기사','서울',3500,'마케팅,홍보,조사',29,10,1,1,1,1);
Insert into JOBPOSTING (APLNUM,POST_ID,USER_ID,COMPNAME,RECRUITNUM,DEADLINE,DUTY,CAREER,EDU,SKILLS,LICENSES,WORKSPACE,SALARY,DEPARTMENT,HIT,HOPESCORE,LICENSESSCORE,SKILLSSCORE,EDUSCORE,CAREERSCORE) values (4,'마케팅,홍보,조사 공고3','user4','SM',4,to_date('24/11/20','RR/MM/DD'),'마케팅','신입','초대졸','데이터베이스관리','3D프린터개발산업기사','서울',3200,'마케팅,홍보,조사',31,10,3,3,4,2);
Insert into JOBPOSTING (APLNUM,POST_ID,USER_ID,COMPNAME,RECRUITNUM,DEADLINE,DUTY,CAREER,EDU,SKILLS,LICENSES,WORKSPACE,SALARY,DEPARTMENT,HIT,HOPESCORE,LICENSESSCORE,SKILLSSCORE,EDUSCORE,CAREERSCORE) values (5,'마케팅,홍보,조사 공고5','user5','교보생명보험',6,to_date('24/12/05','RR/MM/DD'),'보험설계','신입','학사이상','네트워킹','2급청소년지도사','서울',2900,'마케팅,홍보,조사',41,10,4,2,3,4);
Insert into JOBPOSTING (APLNUM,POST_ID,USER_ID,COMPNAME,RECRUITNUM,DEADLINE,DUTY,CAREER,EDU,SKILLS,LICENSES,WORKSPACE,SALARY,DEPARTMENT,HIT,HOPESCORE,LICENSESSCORE,SKILLSSCORE,EDUSCORE,CAREERSCORE) values (6,'테스트공고입니다.테스트완료1','user6','금호석유화확',7,to_date('24/11/28','RR/MM/DD'),'화학분석','경력(~2년미만)','초대졸','데이터베이스관리','2급청소년지도사','경남',3300,'디자인',46,10,1,1,1,1);
Insert into JOBPOSTING (APLNUM,POST_ID,USER_ID,COMPNAME,RECRUITNUM,DEADLINE,DUTY,CAREER,EDU,SKILLS,LICENSES,WORKSPACE,SALARY,DEPARTMENT,HIT,HOPESCORE,LICENSESSCORE,SKILLSSCORE,EDUSCORE,CAREERSCORE) values (7,'테스트공고입니다.테스트완료2','user8','넥슨',8,to_date('24/12/25','RR/MM/DD'),'게임기획','신입','고졸','데이터베이스관리','2급청소년지도사','전남',3600,'IT개발,데이터',53,10,1,1,1,1);
Insert into JOBPOSTING (APLNUM,POST_ID,USER_ID,COMPNAME,RECRUITNUM,DEADLINE,DUTY,CAREER,EDU,SKILLS,LICENSES,WORKSPACE,SALARY,DEPARTMENT,HIT,HOPESCORE,LICENSESSCORE,SKILLSSCORE,EDUSCORE,CAREERSCORE) values (8,'테스트공고입니다.테스트완료2','user10','농협',3,to_date('24/12/01','RR/MM/DD'),'금융분석','경력(~2년미만)','무관','네트워킹','게임프로그래밍전문가','부산',3800,'고객상담,TM',64,10,1,1,1,1);
Insert into JOBPOSTING (APLNUM,POST_ID,USER_ID,COMPNAME,RECRUITNUM,DEADLINE,DUTY,CAREER,EDU,SKILLS,LICENSES,WORKSPACE,SALARY,DEPARTMENT,HIT,HOPESCORE,LICENSESSCORE,SKILLSSCORE,EDUSCORE,CAREERSCORE) values (9,'2024년 하반기 각 분야 채용공고','user11','다우키움그룹',2,to_date('24/11/22','RR/MM/DD'),'주식분석','무관','무관','네트워킹','공간정보융합산업기사','전남',4200,'영업,판매,무역',71,10,1,1,1,1);
Insert into JOBPOSTING (APLNUM,POST_ID,USER_ID,COMPNAME,RECRUITNUM,DEADLINE,DUTY,CAREER,EDU,SKILLS,LICENSES,WORKSPACE,SALARY,DEPARTMENT,HIT,HOPESCORE,LICENSESSCORE,SKILLSSCORE,EDUSCORE,CAREERSCORE) values (10,'2024년 하반기 각 분야 채용공고','user12','대림',4,to_date('24/12/30','RR/MM/DD'),'건설관리','신입','무관','네트워킹,UI설계','간호조무사','부산',3400,'IT개발,데이터',74,10,1,1,1,1);
Insert into JOBPOSTING (APLNUM,POST_ID,USER_ID,COMPNAME,RECRUITNUM,DEADLINE,DUTY,CAREER,EDU,SKILLS,LICENSES,WORKSPACE,SALARY,DEPARTMENT,HIT,HOPESCORE,LICENSESSCORE,SKILLSSCORE,EDUSCORE,CAREERSCORE) values (11,'2024년 하반기 각 분야 채용공고','user13','대우건설',7,to_date('24/11/18','RR/MM/DD'),'건축설계','신입','무관','데이터분석및모델링,PRINCE2자격,검색엔진마케팅','건설기계정비기사','부산',4400,'구매,자재,물류',78,10,1,1,1,1);
Insert into JOBPOSTING (APLNUM,POST_ID,USER_ID,COMPNAME,RECRUITNUM,DEADLINE,DUTY,CAREER,EDU,SKILLS,LICENSES,WORKSPACE,SALARY,DEPARTMENT,HIT,HOPESCORE,LICENSESSCORE,SKILLSSCORE,EDUSCORE,CAREERSCORE) values (12,'2024년 하반기 각 분야 채용공고','user15','동국제강',5,to_date('24/12/13','RR/MM/DD'),'제철관리','무관','무관','고객관리,구글애널리틱스','간호조무사','세종',3800,'IT개발,데이터',90,10,1,1,1,1);
Insert into JOBPOSTING (APLNUM,POST_ID,USER_ID,COMPNAME,RECRUITNUM,DEADLINE,DUTY,CAREER,EDU,SKILLS,LICENSES,WORKSPACE,SALARY,DEPARTMENT,HIT,HOPESCORE,LICENSESSCORE,SKILLSSCORE,EDUSCORE,CAREERSCORE) values (13,'2024년 하반기 각 분야 채용공고','user16','동원',4,to_date('24/11/30','RR/MM/DD'),'식품생산','무관','무관','데이터리서치,UI설계','2급청소년지도사,건축목공산업기사','부산',3400,'연구,R&D',100,10,1,1,1,1);
Insert into JOBPOSTING (APLNUM,POST_ID,USER_ID,COMPNAME,RECRUITNUM,DEADLINE,DUTY,CAREER,EDU,SKILLS,LICENSES,WORKSPACE,SALARY,DEPARTMENT,HIT,HOPESCORE,LICENSESSCORE,SKILLSSCORE,EDUSCORE,CAREERSCORE) values (14,'2024년 하반기 각 분야 채용공고','user17','두산',6,to_date('24/12/05','RR/MM/DD'),'기계설계','신입','무관','네트워킹,계약협상','3D프린터개발산업기사','경기',4100,'영업,판매,무역',116,10,1,1,1,1);
Insert into JOBPOSTING (APLNUM,POST_ID,USER_ID,COMPNAME,RECRUITNUM,DEADLINE,DUTY,CAREER,EDU,SKILLS,LICENSES,WORKSPACE,SALARY,DEPARTMENT,HIT,HOPESCORE,LICENSESSCORE,SKILLSSCORE,EDUSCORE,CAREERSCORE) values (15,'마케팅회사 영업팀 모집','user19','미래에셋',5,to_date('24/12/15','RR/MM/DD'),'마케팅 데이터 서치 및 분석, 관리','신입','학사이상','데이터리서치,빅데이터분석','빅데이터분석기사,정보처리기사','서울',4200,'마케팅,홍보,조사',129,20,4,3,3,2);
Insert into JOBPOSTING (APLNUM,POST_ID,USER_ID,COMPNAME,RECRUITNUM,DEADLINE,DUTY,CAREER,EDU,SKILLS,LICENSES,WORKSPACE,SALARY,DEPARTMENT,HIT,HOPESCORE,LICENSESSCORE,SKILLSSCORE,EDUSCORE,CAREERSCORE) values (16,'2024년 하반기 각 분야 채용공고','user20','DB',4,to_date('24/12/03','RR/MM/DD'),'소프트웨어 개발','무관','무관','고객관리,검색엔진마케팅','간호조무사','세종',3500,'인사,노무,HRD',218,10,1,1,1,1);
Insert into JOBPOSTING (APLNUM,POST_ID,USER_ID,COMPNAME,RECRUITNUM,DEADLINE,DUTY,CAREER,EDU,SKILLS,LICENSES,WORKSPACE,SALARY,DEPARTMENT,HIT,HOPESCORE,LICENSESSCORE,SKILLSSCORE,EDUSCORE,CAREERSCORE) values (20,'채용공고3','user1','네이버',1,to_date('24/11/22','RR/MM/DD'),'서비스','무관','무관','네트워킹','3D프린터개발산업기사','서울',1000,'서비스',137,10,3,2,1,1);
REM INSERTING into MESSAGES
SET DEFINE OFF;
Insert into MESSAGES (MESSAGE_ID,SENDER_USERID,SENDER_USERNAME,SENDER_COMPID,SENDER_COMPNAME,RECEIVER_USERID,RECEIVER_USERNAME,RECEIVER_COMPID,RECEIVER_COMPNAME,RECEIVER_EMAIL,MCONTENT,STIME,IS_READ,DIVISION) values (29,' ',' ','ADMIN','픽미',' ',' ','user2',' ',' ','픽미의 새로운 인재추천!!이주빈',to_date('24/11/28','RR/MM/DD'),'N','인재추천');
Insert into MESSAGES (MESSAGE_ID,SENDER_USERID,SENDER_USERNAME,SENDER_COMPID,SENDER_COMPNAME,RECEIVER_USERID,RECEIVER_USERNAME,RECEIVER_COMPID,RECEIVER_COMPNAME,RECEIVER_EMAIL,MCONTENT,STIME,IS_READ,DIVISION) values (30,' ',' ','user1','네이버','userf','김영희',' ',' ','kim6@naver.com','네이버님의 PICK ME 요청이 도착했습니다.',to_date('24/11/28','RR/MM/DD'),'N','PICK ME');
Insert into MESSAGES (MESSAGE_ID,SENDER_USERID,SENDER_USERNAME,SENDER_COMPID,SENDER_COMPNAME,RECEIVER_USERID,RECEIVER_USERNAME,RECEIVER_COMPID,RECEIVER_COMPNAME,RECEIVER_EMAIL,MCONTENT,STIME,IS_READ,DIVISION) values (31,' ',' ','user1','네이버','userf','김영희',' ',' ','kim6@naver.com','네이버님이 PICK ME 요청을 취소하셨습니다.',to_date('24/11/28','RR/MM/DD'),'N','PICK ME');
Insert into MESSAGES (MESSAGE_ID,SENDER_USERID,SENDER_USERNAME,SENDER_COMPID,SENDER_COMPNAME,RECEIVER_USERID,RECEIVER_USERNAME,RECEIVER_COMPID,RECEIVER_COMPNAME,RECEIVER_EMAIL,MCONTENT,STIME,IS_READ,DIVISION) values (3,'usera','김석진',' ',' ',' ',' ','user1','네이버',' ','김석진님이2024년 하반기 신입사원 채용공고공고 에 지원하셨습니다.',to_date('24/11/28','RR/MM/DD'),'N','공고 지원');
Insert into MESSAGES (MESSAGE_ID,SENDER_USERID,SENDER_USERNAME,SENDER_COMPID,SENDER_COMPNAME,RECEIVER_USERID,RECEIVER_USERNAME,RECEIVER_COMPID,RECEIVER_COMPNAME,RECEIVER_EMAIL,MCONTENT,STIME,IS_READ,DIVISION) values (4,' ',' ','ADMIN','픽미',' ',' ','user1',' ',' ','픽미의 새로운 인재추천!!김석진',to_date('24/11/28','RR/MM/DD'),'N','인재추천');
Insert into MESSAGES (MESSAGE_ID,SENDER_USERID,SENDER_USERNAME,SENDER_COMPID,SENDER_COMPNAME,RECEIVER_USERID,RECEIVER_USERNAME,RECEIVER_COMPID,RECEIVER_COMPNAME,RECEIVER_EMAIL,MCONTENT,STIME,IS_READ,DIVISION) values (5,' ',' ','ADMIN','픽미',' ',' ','user1',' ',' ','픽미의 새로운 인재추천!!김영희',to_date('24/11/28','RR/MM/DD'),'N','인재추천');
Insert into MESSAGES (MESSAGE_ID,SENDER_USERID,SENDER_USERNAME,SENDER_COMPID,SENDER_COMPNAME,RECEIVER_USERID,RECEIVER_USERNAME,RECEIVER_COMPID,RECEIVER_COMPNAME,RECEIVER_EMAIL,MCONTENT,STIME,IS_READ,DIVISION) values (6,' ',' ','ADMIN','픽미',' ',' ','user1',' ',' ','픽미의 새로운 인재추천!!박지민',to_date('24/11/28','RR/MM/DD'),'N','인재추천');
Insert into MESSAGES (MESSAGE_ID,SENDER_USERID,SENDER_USERNAME,SENDER_COMPID,SENDER_COMPNAME,RECEIVER_USERID,RECEIVER_USERNAME,RECEIVER_COMPID,RECEIVER_COMPNAME,RECEIVER_EMAIL,MCONTENT,STIME,IS_READ,DIVISION) values (7,' ',' ','ADMIN','픽미',' ',' ','user1',' ',' ','픽미의 새로운 인재추천!!정은지',to_date('24/11/28','RR/MM/DD'),'N','인재추천');
Insert into MESSAGES (MESSAGE_ID,SENDER_USERID,SENDER_USERNAME,SENDER_COMPID,SENDER_COMPNAME,RECEIVER_USERID,RECEIVER_USERNAME,RECEIVER_COMPID,RECEIVER_COMPNAME,RECEIVER_EMAIL,MCONTENT,STIME,IS_READ,DIVISION) values (8,' ',' ','ADMIN','픽미',' ',' ','user1',' ',' ','픽미의 새로운 인재추천!!최민수',to_date('24/11/28','RR/MM/DD'),'N','인재추천');
Insert into MESSAGES (MESSAGE_ID,SENDER_USERID,SENDER_USERNAME,SENDER_COMPID,SENDER_COMPNAME,RECEIVER_USERID,RECEIVER_USERNAME,RECEIVER_COMPID,RECEIVER_COMPNAME,RECEIVER_EMAIL,MCONTENT,STIME,IS_READ,DIVISION) values (9,' ',' ','ADMIN','픽미',' ',' ','user1',' ',' ','픽미의 새로운 인재추천!!최상현',to_date('24/11/28','RR/MM/DD'),'N','인재추천');
Insert into MESSAGES (MESSAGE_ID,SENDER_USERID,SENDER_USERNAME,SENDER_COMPID,SENDER_COMPNAME,RECEIVER_USERID,RECEIVER_USERNAME,RECEIVER_COMPID,RECEIVER_COMPNAME,RECEIVER_EMAIL,MCONTENT,STIME,IS_READ,DIVISION) values (10,' ',' ','ADMIN','픽미',' ',' ','user1',' ',' ','픽미의 새로운 인재추천!!최최최',to_date('24/11/28','RR/MM/DD'),'N','인재추천');
Insert into MESSAGES (MESSAGE_ID,SENDER_USERID,SENDER_USERNAME,SENDER_COMPID,SENDER_COMPNAME,RECEIVER_USERID,RECEIVER_USERNAME,RECEIVER_COMPID,RECEIVER_COMPNAME,RECEIVER_EMAIL,MCONTENT,STIME,IS_READ,DIVISION) values (11,' ',' ','ADMIN','픽미','userb',' ',' ',' ',' ','픽미의 새로운 공고추천!!IMM인베스트먼트',to_date('24/11/28','RR/MM/DD'),'N','공고추천');
Insert into MESSAGES (MESSAGE_ID,SENDER_USERID,SENDER_USERNAME,SENDER_COMPID,SENDER_COMPNAME,RECEIVER_USERID,RECEIVER_USERNAME,RECEIVER_COMPID,RECEIVER_COMPNAME,RECEIVER_EMAIL,MCONTENT,STIME,IS_READ,DIVISION) values (12,' ',' ','ADMIN','픽미','userb',' ',' ',' ',' ','픽미의 새로운 공고추천!!SM',to_date('24/11/28','RR/MM/DD'),'N','공고추천');
Insert into MESSAGES (MESSAGE_ID,SENDER_USERID,SENDER_USERNAME,SENDER_COMPID,SENDER_COMPNAME,RECEIVER_USERID,RECEIVER_USERNAME,RECEIVER_COMPID,RECEIVER_COMPNAME,RECEIVER_EMAIL,MCONTENT,STIME,IS_READ,DIVISION) values (13,' ',' ','ADMIN','픽미','userb',' ',' ',' ',' ','픽미의 새로운 공고추천!!두산',to_date('24/11/28','RR/MM/DD'),'N','공고추천');
Insert into MESSAGES (MESSAGE_ID,SENDER_USERID,SENDER_USERNAME,SENDER_COMPID,SENDER_COMPNAME,RECEIVER_USERID,RECEIVER_USERNAME,RECEIVER_COMPID,RECEIVER_COMPNAME,RECEIVER_EMAIL,MCONTENT,STIME,IS_READ,DIVISION) values (14,' ',' ','ADMIN','픽미','userb',' ',' ',' ',' ','픽미의 새로운 공고추천!!네이버',to_date('24/11/28','RR/MM/DD'),'N','공고추천');
Insert into MESSAGES (MESSAGE_ID,SENDER_USERID,SENDER_USERNAME,SENDER_COMPID,SENDER_COMPNAME,RECEIVER_USERID,RECEIVER_USERNAME,RECEIVER_COMPID,RECEIVER_COMPNAME,RECEIVER_EMAIL,MCONTENT,STIME,IS_READ,DIVISION) values (15,'userb','강태오',' ',' ',' ',' ','user1','네이버',' ','강태오님이2024년 하반기 신입사원 채용공고공고 에 지원하셨습니다.',to_date('24/11/28','RR/MM/DD'),'N','공고 지원');
Insert into MESSAGES (MESSAGE_ID,SENDER_USERID,SENDER_USERNAME,SENDER_COMPID,SENDER_COMPNAME,RECEIVER_USERID,RECEIVER_USERNAME,RECEIVER_COMPID,RECEIVER_COMPNAME,RECEIVER_EMAIL,MCONTENT,STIME,IS_READ,DIVISION) values (16,' ',' ','ADMIN','픽미',' ',' ','user1',' ',' ','픽미의 새로운 인재추천!!김민수',to_date('24/11/28','RR/MM/DD'),'N','인재추천');
Insert into MESSAGES (MESSAGE_ID,SENDER_USERID,SENDER_USERNAME,SENDER_COMPID,SENDER_COMPNAME,RECEIVER_USERID,RECEIVER_USERNAME,RECEIVER_COMPID,RECEIVER_COMPNAME,RECEIVER_EMAIL,MCONTENT,STIME,IS_READ,DIVISION) values (17,'userb','강태오',' ',' ',' ',' ','user1','네이버',' ','강태오님이2024년 하반기 신입사원 채용공고공고 에 지원취소하셨습니다.',to_date('24/11/28','RR/MM/DD'),'N','공고 지원');
Insert into MESSAGES (MESSAGE_ID,SENDER_USERID,SENDER_USERNAME,SENDER_COMPID,SENDER_COMPNAME,RECEIVER_USERID,RECEIVER_USERNAME,RECEIVER_COMPID,RECEIVER_COMPNAME,RECEIVER_EMAIL,MCONTENT,STIME,IS_READ,DIVISION) values (18,'userb','강태오',' ',' ',' ',' ','user1','네이버',' ','강태오님이2024년 하반기 신입사원 채용공고공고 에 지원하셨습니다.',to_date('24/11/28','RR/MM/DD'),'N','공고 지원');
Insert into MESSAGES (MESSAGE_ID,SENDER_USERID,SENDER_USERNAME,SENDER_COMPID,SENDER_COMPNAME,RECEIVER_USERID,RECEIVER_USERNAME,RECEIVER_COMPID,RECEIVER_COMPNAME,RECEIVER_EMAIL,MCONTENT,STIME,IS_READ,DIVISION) values (19,'usera','김석진',' ',' ',' ',' ','user1','네이버',' ','김석진님이2024년 하반기 신입사원 채용공고공고 에 지원취소하셨습니다.',to_date('24/11/28','RR/MM/DD'),'N','공고 지원');
Insert into MESSAGES (MESSAGE_ID,SENDER_USERID,SENDER_USERNAME,SENDER_COMPID,SENDER_COMPNAME,RECEIVER_USERID,RECEIVER_USERNAME,RECEIVER_COMPID,RECEIVER_COMPNAME,RECEIVER_EMAIL,MCONTENT,STIME,IS_READ,DIVISION) values (20,'usera','김석진',' ',' ',' ',' ','user1','네이버',' ','김석진님이2024년 하반기 신입사원 채용공고공고 에 지원하셨습니다.',to_date('24/11/28','RR/MM/DD'),'N','공고 지원');
Insert into MESSAGES (MESSAGE_ID,SENDER_USERID,SENDER_USERNAME,SENDER_COMPID,SENDER_COMPNAME,RECEIVER_USERID,RECEIVER_USERNAME,RECEIVER_COMPID,RECEIVER_COMPNAME,RECEIVER_EMAIL,MCONTENT,STIME,IS_READ,DIVISION) values (21,'userb','강태오',' ',' ',' ',' ','user1','네이버',' ','강태오님이2024년 하반기 신입사원 채용공고공고 에 지원취소하셨습니다.',to_date('24/11/28','RR/MM/DD'),'N','공고 지원');
Insert into MESSAGES (MESSAGE_ID,SENDER_USERID,SENDER_USERNAME,SENDER_COMPID,SENDER_COMPNAME,RECEIVER_USERID,RECEIVER_USERNAME,RECEIVER_COMPID,RECEIVER_COMPNAME,RECEIVER_EMAIL,MCONTENT,STIME,IS_READ,DIVISION) values (22,'userb','강태오',' ',' ',' ',' ','user1','네이버',' ','강태오님이2024년 하반기 신입사원 채용공고공고 에 지원하셨습니다.',to_date('24/11/28','RR/MM/DD'),'N','공고 지원');
Insert into MESSAGES (MESSAGE_ID,SENDER_USERID,SENDER_USERNAME,SENDER_COMPID,SENDER_COMPNAME,RECEIVER_USERID,RECEIVER_USERNAME,RECEIVER_COMPID,RECEIVER_COMPNAME,RECEIVER_EMAIL,MCONTENT,STIME,IS_READ,DIVISION) values (23,'userc','김지우',' ',' ',' ',' ','user1','네이버',' ','김지우님이콘텐츠마케팅 팀장 채용공고 에 지원하셨습니다.',to_date('24/11/28','RR/MM/DD'),'N','공고 지원');
Insert into MESSAGES (MESSAGE_ID,SENDER_USERID,SENDER_USERNAME,SENDER_COMPID,SENDER_COMPNAME,RECEIVER_USERID,RECEIVER_USERNAME,RECEIVER_COMPID,RECEIVER_COMPNAME,RECEIVER_EMAIL,MCONTENT,STIME,IS_READ,DIVISION) values (24,' ',' ','ADMIN','픽미','userd',' ',' ',' ',' ','픽미의 새로운 공고추천!!네이버',to_date('24/11/28','RR/MM/DD'),'N','공고추천');
Insert into MESSAGES (MESSAGE_ID,SENDER_USERID,SENDER_USERNAME,SENDER_COMPID,SENDER_COMPNAME,RECEIVER_USERID,RECEIVER_USERNAME,RECEIVER_COMPID,RECEIVER_COMPNAME,RECEIVER_EMAIL,MCONTENT,STIME,IS_READ,DIVISION) values (25,' ',' ','ADMIN','픽미','userd',' ',' ',' ',' ','픽미의 새로운 공고추천!!미래에셋',to_date('24/11/28','RR/MM/DD'),'N','공고추천');
Insert into MESSAGES (MESSAGE_ID,SENDER_USERID,SENDER_USERNAME,SENDER_COMPID,SENDER_COMPNAME,RECEIVER_USERID,RECEIVER_USERNAME,RECEIVER_COMPID,RECEIVER_COMPNAME,RECEIVER_EMAIL,MCONTENT,STIME,IS_READ,DIVISION) values (26,'userd','이주빈',' ',' ',' ',' ','user1','네이버',' ','이주빈님이콘텐츠마케팅 팀장 채용공고 에 지원하셨습니다.',to_date('24/11/28','RR/MM/DD'),'N','공고 지원');
Insert into MESSAGES (MESSAGE_ID,SENDER_USERID,SENDER_USERNAME,SENDER_COMPID,SENDER_COMPNAME,RECEIVER_USERID,RECEIVER_USERNAME,RECEIVER_COMPID,RECEIVER_COMPNAME,RECEIVER_EMAIL,MCONTENT,STIME,IS_READ,DIVISION) values (27,' ',' ','ADMIN','픽미',' ',' ','user1',' ',' ','픽미의 새로운 인재추천!!김지우',to_date('24/11/28','RR/MM/DD'),'N','인재추천');
Insert into MESSAGES (MESSAGE_ID,SENDER_USERID,SENDER_USERNAME,SENDER_COMPID,SENDER_COMPNAME,RECEIVER_USERID,RECEIVER_USERNAME,RECEIVER_COMPID,RECEIVER_COMPNAME,RECEIVER_EMAIL,MCONTENT,STIME,IS_READ,DIVISION) values (28,' ',' ','ADMIN','픽미',' ',' ','user1',' ',' ','픽미의 새로운 인재추천!!이주빈',to_date('24/11/28','RR/MM/DD'),'N','인재추천');
Insert into MESSAGES (MESSAGE_ID,SENDER_USERID,SENDER_USERNAME,SENDER_COMPID,SENDER_COMPNAME,RECEIVER_USERID,RECEIVER_USERNAME,RECEIVER_COMPID,RECEIVER_COMPNAME,RECEIVER_EMAIL,MCONTENT,STIME,IS_READ,DIVISION) values (32,' ',' ','user1','네이버','userb','강태오',' ',' ','lee2@naver.com','네이버님의 PICK ME 요청이 도착했습니다.',to_date('24/11/28','RR/MM/DD'),'N','PICK ME');
Insert into MESSAGES (MESSAGE_ID,SENDER_USERID,SENDER_USERNAME,SENDER_COMPID,SENDER_COMPNAME,RECEIVER_USERID,RECEIVER_USERNAME,RECEIVER_COMPID,RECEIVER_COMPNAME,RECEIVER_EMAIL,MCONTENT,STIME,IS_READ,DIVISION) values (33,' ',' ','user1','네이버','userb','강태오',' ',' ','lee2@naver.com','네이버님이 PICK ME 요청을 취소하셨습니다.',to_date('24/11/28','RR/MM/DD'),'N','PICK ME');
Insert into MESSAGES (MESSAGE_ID,SENDER_USERID,SENDER_USERNAME,SENDER_COMPID,SENDER_COMPNAME,RECEIVER_USERID,RECEIVER_USERNAME,RECEIVER_COMPID,RECEIVER_COMPNAME,RECEIVER_EMAIL,MCONTENT,STIME,IS_READ,DIVISION) values (34,' ',' ','user1','네이버','userb','강태오',' ',' ','lee2@naver.com','네이버님의 PICK ME 요청이 도착했습니다.',to_date('24/11/28','RR/MM/DD'),'N','PICK ME');
Insert into MESSAGES (MESSAGE_ID,SENDER_USERID,SENDER_USERNAME,SENDER_COMPID,SENDER_COMPNAME,RECEIVER_USERID,RECEIVER_USERNAME,RECEIVER_COMPID,RECEIVER_COMPNAME,RECEIVER_EMAIL,MCONTENT,STIME,IS_READ,DIVISION) values (37,'usera','김석진',' ',' ',' ',' ','user1','네이버',' ','김석진님이2024년 하반기 신입사원 채용공고공고 에 지원취소하셨습니다.',to_date('24/11/28','RR/MM/DD'),'N','공고 지원');
Insert into MESSAGES (MESSAGE_ID,SENDER_USERID,SENDER_USERNAME,SENDER_COMPID,SENDER_COMPNAME,RECEIVER_USERID,RECEIVER_USERNAME,RECEIVER_COMPID,RECEIVER_COMPNAME,RECEIVER_EMAIL,MCONTENT,STIME,IS_READ,DIVISION) values (1,' ',' ','ADMIN','픽미','usera',' ',' ',' ',' ','픽미의 새로운 공고추천!!네이버',to_date('24/11/28','RR/MM/DD'),'N','공고추천');
Insert into MESSAGES (MESSAGE_ID,SENDER_USERID,SENDER_USERNAME,SENDER_COMPID,SENDER_COMPNAME,RECEIVER_USERID,RECEIVER_USERNAME,RECEIVER_COMPID,RECEIVER_COMPNAME,RECEIVER_EMAIL,MCONTENT,STIME,IS_READ,DIVISION) values (2,' ',' ','ADMIN','픽미','usera',' ',' ',' ',' ','픽미의 새로운 공고추천!!미래에셋',to_date('24/11/28','RR/MM/DD'),'N','공고추천');
Insert into MESSAGES (MESSAGE_ID,SENDER_USERID,SENDER_USERNAME,SENDER_COMPID,SENDER_COMPNAME,RECEIVER_USERID,RECEIVER_USERNAME,RECEIVER_COMPID,RECEIVER_COMPNAME,RECEIVER_EMAIL,MCONTENT,STIME,IS_READ,DIVISION) values (38,'usera','김석진',' ',' ',' ',' ','user1','네이버',' ','김석진님이2024년 하반기 신입사원 채용공고공고 에 지원하셨습니다.',to_date('24/11/28','RR/MM/DD'),'N','공고 지원');
Insert into MESSAGES (MESSAGE_ID,SENDER_USERID,SENDER_USERNAME,SENDER_COMPID,SENDER_COMPNAME,RECEIVER_USERID,RECEIVER_USERNAME,RECEIVER_COMPID,RECEIVER_COMPNAME,RECEIVER_EMAIL,MCONTENT,STIME,IS_READ,DIVISION) values (39,'usera','김석진',' ',' ',' ',' ','user1','네이버',' ','김석진님이2024년 하반기 신입사원 채용공고공고 에 지원취소하셨습니다.',to_date('24/11/28','RR/MM/DD'),'N','공고 지원');
Insert into MESSAGES (MESSAGE_ID,SENDER_USERID,SENDER_USERNAME,SENDER_COMPID,SENDER_COMPNAME,RECEIVER_USERID,RECEIVER_USERNAME,RECEIVER_COMPID,RECEIVER_COMPNAME,RECEIVER_EMAIL,MCONTENT,STIME,IS_READ,DIVISION) values (40,'usera','김석진',' ',' ',' ',' ','user1','네이버',' ','김석진님이2024년 하반기 신입사원 채용공고공고 에 지원하셨습니다.',to_date('24/11/28','RR/MM/DD'),'N','공고 지원');
Insert into MESSAGES (MESSAGE_ID,SENDER_USERID,SENDER_USERNAME,SENDER_COMPID,SENDER_COMPNAME,RECEIVER_USERID,RECEIVER_USERNAME,RECEIVER_COMPID,RECEIVER_COMPNAME,RECEIVER_EMAIL,MCONTENT,STIME,IS_READ,DIVISION) values (41,'usera','김석진',' ',' ',' ',' ','user2','IMM인베스트먼트',' ','김석진님이마케팅,홍보,조사 공고1공고 에 지원하셨습니다.',to_date('24/11/28','RR/MM/DD'),'N','공고 지원');
Insert into MESSAGES (MESSAGE_ID,SENDER_USERID,SENDER_USERNAME,SENDER_COMPID,SENDER_COMPNAME,RECEIVER_USERID,RECEIVER_USERNAME,RECEIVER_COMPID,RECEIVER_COMPNAME,RECEIVER_EMAIL,MCONTENT,STIME,IS_READ,DIVISION) values (42,'usera','김석진',' ',' ',' ',' ','user1','네이버',' ','김석진님이2024년 하반기 신입사원 채용공고공고 에 지원취소하셨습니다.',to_date('24/11/28','RR/MM/DD'),'N','공고 지원');
Insert into MESSAGES (MESSAGE_ID,SENDER_USERID,SENDER_USERNAME,SENDER_COMPID,SENDER_COMPNAME,RECEIVER_USERID,RECEIVER_USERNAME,RECEIVER_COMPID,RECEIVER_COMPNAME,RECEIVER_EMAIL,MCONTENT,STIME,IS_READ,DIVISION) values (43,' ',' ','user1','네이버','usera','김석진',' ',' ','kim1@naver.com','네이버님의 PICK ME 요청이 도착했습니다.',to_date('24/11/28','RR/MM/DD'),'N','PICK ME');
Insert into MESSAGES (MESSAGE_ID,SENDER_USERID,SENDER_USERNAME,SENDER_COMPID,SENDER_COMPNAME,RECEIVER_USERID,RECEIVER_USERNAME,RECEIVER_COMPID,RECEIVER_COMPNAME,RECEIVER_EMAIL,MCONTENT,STIME,IS_READ,DIVISION) values (44,' ',' ','ADMIN','픽미',' ',' ','user4',' ',' ','픽미의 새로운 인재추천!!이주빈',to_date('24/11/28','RR/MM/DD'),'N','인재추천');
Insert into MESSAGES (MESSAGE_ID,SENDER_USERID,SENDER_USERNAME,SENDER_COMPID,SENDER_COMPNAME,RECEIVER_USERID,RECEIVER_USERNAME,RECEIVER_COMPID,RECEIVER_COMPNAME,RECEIVER_EMAIL,MCONTENT,STIME,IS_READ,DIVISION) values (45,' ',' ','user3','KG','usera','김석진',' ',' ','kim1@naver.com','KG님의 PICK ME 요청이 도착했습니다.',to_date('24/11/28','RR/MM/DD'),'N','PICK ME');
Insert into MESSAGES (MESSAGE_ID,SENDER_USERID,SENDER_USERNAME,SENDER_COMPID,SENDER_COMPNAME,RECEIVER_USERID,RECEIVER_USERNAME,RECEIVER_COMPID,RECEIVER_COMPNAME,RECEIVER_EMAIL,MCONTENT,STIME,IS_READ,DIVISION) values (46,' ',' ','ADMIN','픽미','usera',' ',' ',' ',' ','픽미의 새로운 공고추천!!KG',to_date('24/11/28','RR/MM/DD'),'N','공고추천');
Insert into MESSAGES (MESSAGE_ID,SENDER_USERID,SENDER_USERNAME,SENDER_COMPID,SENDER_COMPNAME,RECEIVER_USERID,RECEIVER_USERNAME,RECEIVER_COMPID,RECEIVER_COMPNAME,RECEIVER_EMAIL,MCONTENT,STIME,IS_READ,DIVISION) values (47,' ',' ','ADMIN','픽미','userc',' ',' ',' ',' ','픽미의 새로운 공고추천!!네이버',to_date('24/11/28','RR/MM/DD'),'N','공고추천');
Insert into MESSAGES (MESSAGE_ID,SENDER_USERID,SENDER_USERNAME,SENDER_COMPID,SENDER_COMPNAME,RECEIVER_USERID,RECEIVER_USERNAME,RECEIVER_COMPID,RECEIVER_COMPNAME,RECEIVER_EMAIL,MCONTENT,STIME,IS_READ,DIVISION) values (48,' ',' ','ADMIN','픽미','userc',' ',' ',' ',' ','픽미의 새로운 공고추천!!KG',to_date('24/11/28','RR/MM/DD'),'N','공고추천');
Insert into MESSAGES (MESSAGE_ID,SENDER_USERID,SENDER_USERNAME,SENDER_COMPID,SENDER_COMPNAME,RECEIVER_USERID,RECEIVER_USERNAME,RECEIVER_COMPID,RECEIVER_COMPNAME,RECEIVER_EMAIL,MCONTENT,STIME,IS_READ,DIVISION) values (35,'usera','김석진',' ',' ',' ',' ','user1','네이버',' ','김석진님이2024년 하반기 신입사원 채용공고공고 에 지원취소하셨습니다.',to_date('24/11/28','RR/MM/DD'),'N','공고 지원');
Insert into MESSAGES (MESSAGE_ID,SENDER_USERID,SENDER_USERNAME,SENDER_COMPID,SENDER_COMPNAME,RECEIVER_USERID,RECEIVER_USERNAME,RECEIVER_COMPID,RECEIVER_COMPNAME,RECEIVER_EMAIL,MCONTENT,STIME,IS_READ,DIVISION) values (36,'usera','김석진',' ',' ',' ',' ','user1','네이버',' ','김석진님이2024년 하반기 신입사원 채용공고공고 에 지원하셨습니다.',to_date('24/11/28','RR/MM/DD'),'N','공고 지원');
REM INSERTING into PICKTALK
SET DEFINE OFF;
Insert into PICKTALK (USER_ID,TITLE,CONTENT,POST_DATE,VCOUNT,POST_ID) values ('usera','test','test111',to_date('24/11/28','RR/MM/DD'),4,6);
REM INSERTING into PICKTALK_COMMENTS
SET DEFINE OFF;
Insert into PICKTALK_COMMENTS (COMMENT_ID,POST_ID,USER_ID,CONTENT,COMMENT_DATE,PARENT_COMMENT_ID) values (9,6,'usera','댓글',to_date('24/11/28','RR/MM/DD'),null);
REM INSERTING into RESUMES
SET DEFINE OFF;
Insert into RESUMES (TITLE,USER_ID,USERNAME,EMAIL,PHONE_NUMBER,ADDRESS,BIRTH,GENDER,NUMBER2,CAREER,CAREERS,EDUWHEN,EDUWHER,EDU,MAJOR,LICENSES1,LICENSES2,LICENSES3,PUBLISHER1,PUBLISHER2,PUBLISHER3,PASSDATE1,PASSDATE2,PASSDATE3,SKILLS1,SKILLS2,SKILLS3,SKILLS4,SKILLS5,PORTFOLIO,SELFINTRO,C_DATE,U_DATE,PHOTO,LICENSES) values ('users 이력서','users','최재원','choi19@naver.com','010-9999-0000','인천시 계양구','1990-09-15','남','010-8888-9999','경력','사회복지사','2011-2015','인천대학교','대졸','사회복지학','사회복지사','상담자격증','위기상담전문가','발행처1','발행처2','발행처3','2015-05-01','2024-01-01','2024-01-01','Communication','Counseling','Community Service','Team Leadership','Problem Solving','포트폴리오20','자기소개서20',to_date('24/10/30','RR/MM/DD'),to_date('24/10/30','RR/MM/DD'),null,null);
Insert into RESUMES (TITLE,USER_ID,USERNAME,EMAIL,PHONE_NUMBER,ADDRESS,BIRTH,GENDER,NUMBER2,CAREER,CAREERS,EDUWHEN,EDUWHER,EDU,MAJOR,LICENSES1,LICENSES2,LICENSES3,PUBLISHER1,PUBLISHER2,PUBLISHER3,PASSDATE1,PASSDATE2,PASSDATE3,SKILLS1,SKILLS2,SKILLS3,SKILLS4,SKILLS5,PORTFOLIO,SELFINTRO,C_DATE,U_DATE,PHOTO,LICENSES) values ('usert 이력서','usert','정하늘','jung20@naver.com','010-1111-3333','광주시 남구','1995-01-01','여','010-2222-4444','경력','환경공학자','2014-2018','전남대학교','대졸','환경공학','환경기사','지속가능성자격증','환경관리자격증','발행처1','발행처2','발행처3','2018-06-01','2024-01-01','2024-01-01','Sustainability','Environmental Policy','Project Management','Data Analysis','Community Engagement','포트폴리오19','자기소개서19',to_date('24/10/30','RR/MM/DD'),to_date('24/10/30','RR/MM/DD'),null,null);
Insert into RESUMES (TITLE,USER_ID,USERNAME,EMAIL,PHONE_NUMBER,ADDRESS,BIRTH,GENDER,NUMBER2,CAREER,CAREERS,EDUWHEN,EDUWHER,EDU,MAJOR,LICENSES1,LICENSES2,LICENSES3,PUBLISHER1,PUBLISHER2,PUBLISHER3,PASSDATE1,PASSDATE2,PASSDATE3,SKILLS1,SKILLS2,SKILLS3,SKILLS4,SKILLS5,PORTFOLIO,SELFINTRO,C_DATE,U_DATE,PHOTO,LICENSES) values ('이력서11111','usert','정하늘','jung20@naver.com','010-1111-3333','광주시 남구','1995-01-01','여','010-2222-4444','경력','환경공학자','2014-2018','전남대학교','석사이상','환경공학','환경기사','지속가능성자격증','환경관리자격증','발행처1','발행처2','발행처3','2018-06-01','2024-01-01','2024-01-01','HTML','Environmental Policy','Project Management','Data Analysis','Community Engagement','포트폴리오19','자기소개서19',to_date('24/11/22','RR/MM/DD'),to_date('24/11/22','RR/MM/DD'),' ','정보처리기사');
Insert into RESUMES (TITLE,USER_ID,USERNAME,EMAIL,PHONE_NUMBER,ADDRESS,BIRTH,GENDER,NUMBER2,CAREER,CAREERS,EDUWHEN,EDUWHER,EDU,MAJOR,LICENSES1,LICENSES2,LICENSES3,PUBLISHER1,PUBLISHER2,PUBLISHER3,PASSDATE1,PASSDATE2,PASSDATE3,SKILLS1,SKILLS2,SKILLS3,SKILLS4,SKILLS5,PORTFOLIO,SELFINTRO,C_DATE,U_DATE,PHOTO,LICENSES) values ('이력서_김지우','userc','김지우','park3@naver.com','010-3333-3333','인천시 남동구','19991201','여자',null,'경력(2년이상~5년미만)',null,'2018-03~2022-02','서울대학교','학사이상','경영학과','사무자동화산업기사','워드프로세서','컴퓨터활용능력1급','발행처1','발행처2','발행처3','2024-10-27','2024-10-29','2024-10-28','고객관리,SNS마케팅',null,null,null,null,null,'자기소개',to_date('24/11/28','RR/MM/DD'),to_date('24/11/28','RR/MM/DD'),'/photo/248b1f36-f98b-4804-ba6d-efc48f846e98.jpg','사무자동화산업기사,워드프로세서,컴퓨터활용능력1급');
Insert into RESUMES (TITLE,USER_ID,USERNAME,EMAIL,PHONE_NUMBER,ADDRESS,BIRTH,GENDER,NUMBER2,CAREER,CAREERS,EDUWHEN,EDUWHER,EDU,MAJOR,LICENSES1,LICENSES2,LICENSES3,PUBLISHER1,PUBLISHER2,PUBLISHER3,PASSDATE1,PASSDATE2,PASSDATE3,SKILLS1,SKILLS2,SKILLS3,SKILLS4,SKILLS5,PORTFOLIO,SELFINTRO,C_DATE,U_DATE,PHOTO,LICENSES) values ('이력서_김석진','usera','김석진','kim1@naver.com','010-1111-1111','부산시 동래구','19900915','남자',null,'신입',null,'2018-03~2022-02','서울대학교','석사이상','모모학과','컴퓨터활용능력1급','1급소방안전관리자','2급소방안전관리자','발행처1','발행처2','발행처3','2024-10-30','2024-11-07','2024-10-28','네트워킹,계약협상,고객관리',null,null,null,null,null,'안녕하세요. 저는 컴퓨터공학을 전공한 [이름]입니다. 대학 시절, 프로그래밍과 알고리즘에 대한 깊은 흥미를 느끼며 다양한 프로젝트에 참여했습니다. 특히, 팀 프로젝트를 통해 협업의 중요성을 깨닫고, 문제 해결 능력을 키울 수 있었습니다.

저는 [특정 언어 또는 기술]에 대한 전문성을 갖추고 있으며, 이를 활용하여 [구체적인 프로젝트나 경험]을 수행했습니다. 이 과정에서 데이터 구조와 알고리즘의 효율성을 고려한 코딩을 통해 성능을 최적화하는 경험을 쌓았습니다.

또한, 인턴십을 통해 실제 산업 현장에서의 경험을 쌓았고, [회사명]에서 [구체적인 업무]를 수행하며 실무 능력을 배양했습니다. 이 경험은 저에게 기술적 지식뿐만 아니라, 문제를 분석하고 해결하는 능력을 더욱 발전시킬 수 있는 기회를 제공했습니다.

앞으로도 지속적으로 학습하고 성장하여, 혁신적인 기술을 개발하는 데 기여하고 싶습니다. 감사합니다.',to_date('24/11/28','RR/MM/DD'),to_date('24/11/28','RR/MM/DD'),'/photo/30810a8e-2276-4bd3-b464-3dca3bb76e77.jpg','컴퓨터활용능력1급,1급소방안전관리자,2급소방안전관리자');
Insert into RESUMES (TITLE,USER_ID,USERNAME,EMAIL,PHONE_NUMBER,ADDRESS,BIRTH,GENDER,NUMBER2,CAREER,CAREERS,EDUWHEN,EDUWHER,EDU,MAJOR,LICENSES1,LICENSES2,LICENSES3,PUBLISHER1,PUBLISHER2,PUBLISHER3,PASSDATE1,PASSDATE2,PASSDATE3,SKILLS1,SKILLS2,SKILLS3,SKILLS4,SKILLS5,PORTFOLIO,SELFINTRO,C_DATE,U_DATE,PHOTO,LICENSES) values ('이력서_강태오','userb','강태오','lee2@naver.com','010-2222-2222','서울시 강남구','19900915','남자',null,'신입',null,'2018-03~2022-02','고려대학교','학사이상','모모학과','3D프린터개발산업기사','3D프린터운용기능사','거푸집기능사','발행처1','발행처2','발행처3','2024-11-05','2024-10-09','2024-09-04','검색엔진최적화,UI설계,데이터분석및모델링',null,null,null,null,null,'자기소개',to_date('24/11/28','RR/MM/DD'),to_date('24/11/28','RR/MM/DD'),'/photo/09b5540d-5414-4b80-8863-988b0fe0a53b.jpg','3D프린터개발산업기사,3D프린터운용기능사,거푸집기능사');
Insert into RESUMES (TITLE,USER_ID,USERNAME,EMAIL,PHONE_NUMBER,ADDRESS,BIRTH,GENDER,NUMBER2,CAREER,CAREERS,EDUWHEN,EDUWHER,EDU,MAJOR,LICENSES1,LICENSES2,LICENSES3,PUBLISHER1,PUBLISHER2,PUBLISHER3,PASSDATE1,PASSDATE2,PASSDATE3,SKILLS1,SKILLS2,SKILLS3,SKILLS4,SKILLS5,PORTFOLIO,SELFINTRO,C_DATE,U_DATE,PHOTO,LICENSES) values ('이력서_이주빈','userd','이주빈','choi4@naver.com','010-4444-4444','대전시 유성구','19940315','여자',null,'신입',null,'2018-03~2022-02','서울대학교','학사이상','모모학과','워드프로세서',null,null,'발행처1',null,null,'2024-11-06',null,null,'고객관리',null,null,null,null,null,'자기소개',to_date('24/11/28','RR/MM/DD'),to_date('24/11/28','RR/MM/DD'),'/photo/4f98ed24-db72-4630-bcd4-7d4317b780d3.jpg','워드프로세서,,');
Insert into RESUMES (TITLE,USER_ID,USERNAME,EMAIL,PHONE_NUMBER,ADDRESS,BIRTH,GENDER,NUMBER2,CAREER,CAREERS,EDUWHEN,EDUWHER,EDU,MAJOR,LICENSES1,LICENSES2,LICENSES3,PUBLISHER1,PUBLISHER2,PUBLISHER3,PASSDATE1,PASSDATE2,PASSDATE3,SKILLS1,SKILLS2,SKILLS3,SKILLS4,SKILLS5,PORTFOLIO,SELFINTRO,C_DATE,U_DATE,PHOTO,LICENSES) values ('usere 이력서','usere','정정정','jung5@naver.com','010-5555-5555','광주시 북구','1993-02-10','여','010-6666-6666','신입','인턴','2011-2015','부산대학교','대졸','기계공학','기계기사','자격증9','자격증10','발행처1','발행처2','발행처3','2015-03-01','2024-01-01','2024-01-01','AutoCAD','SolidWorks','Mechanical Design','Thermodynamics','Project Management','포트폴리오5','자기소개서5',to_date('24/10/30','RR/MM/DD'),to_date('24/10/30','RR/MM/DD'),null,null);
Insert into RESUMES (TITLE,USER_ID,USERNAME,EMAIL,PHONE_NUMBER,ADDRESS,BIRTH,GENDER,NUMBER2,CAREER,CAREERS,EDUWHEN,EDUWHER,EDU,MAJOR,LICENSES1,LICENSES2,LICENSES3,PUBLISHER1,PUBLISHER2,PUBLISHER3,PASSDATE1,PASSDATE2,PASSDATE3,SKILLS1,SKILLS2,SKILLS3,SKILLS4,SKILLS5,PORTFOLIO,SELFINTRO,C_DATE,U_DATE,PHOTO,LICENSES) values ('userf 이력서','userf','김영희','kim6@naver.com','010-6666-6666','대구시 중구','1991-08-18','여','010-7777-7777','신입','인턴','2010-2014','중앙대학교','대졸','컴퓨터공학','정보처리기사','자격증11','자격증12','발행처1','발행처2','발행처3','2014-09-01','2024-01-01','2024-01-01','Python','Java','SQL','HTML','CSS','포트폴리오6','자기소개서6',to_date('24/10/30','RR/MM/DD'),to_date('24/10/30','RR/MM/DD'),null,null);
Insert into RESUMES (TITLE,USER_ID,USERNAME,EMAIL,PHONE_NUMBER,ADDRESS,BIRTH,GENDER,NUMBER2,CAREER,CAREERS,EDUWHEN,EDUWHER,EDU,MAJOR,LICENSES1,LICENSES2,LICENSES3,PUBLISHER1,PUBLISHER2,PUBLISHER3,PASSDATE1,PASSDATE2,PASSDATE3,SKILLS1,SKILLS2,SKILLS3,SKILLS4,SKILLS5,PORTFOLIO,SELFINTRO,C_DATE,U_DATE,PHOTO,LICENSES) values ('userg 이력서','userg','이철수','lee7@naver.com','010-7777-7777','울산시 남구','1990-06-22','남','010-8888-8888','경력','과장','2015-2020','영남대학교','대졸','경영학','회계사','회계자격증','재무관리자격증','발행처1','발행처2','발행처3','2019-05-01','2024-01-01','2024-01-01','Excel','Marketing','Sales','Communication','Teamwork','포트폴리오7','자기소개서7',to_date('24/10/30','RR/MM/DD'),to_date('24/10/30','RR/MM/DD'),null,null);
Insert into RESUMES (TITLE,USER_ID,USERNAME,EMAIL,PHONE_NUMBER,ADDRESS,BIRTH,GENDER,NUMBER2,CAREER,CAREERS,EDUWHEN,EDUWHER,EDU,MAJOR,LICENSES1,LICENSES2,LICENSES3,PUBLISHER1,PUBLISHER2,PUBLISHER3,PASSDATE1,PASSDATE2,PASSDATE3,SKILLS1,SKILLS2,SKILLS3,SKILLS4,SKILLS5,PORTFOLIO,SELFINTRO,C_DATE,U_DATE,PHOTO,LICENSES) values ('userh 이력서','userh','박지민','park8@naver.com','010-8888-8888','경기도 성남시','1994-04-14','여','010-9999-0000','경력','주임','2018-2022','충북대학교','대졸','정보시스템','정보처리기사','웹개발자격증','데이터베이스자격증','발행처1','발행처2','발행처3','2022-06-01','2024-01-01','2024-01-01','Java','Spring','SQL','HTML','CSS','포트폴리오8','자기소개서8',to_date('24/10/30','RR/MM/DD'),to_date('24/10/30','RR/MM/DD'),null,null);
Insert into RESUMES (TITLE,USER_ID,USERNAME,EMAIL,PHONE_NUMBER,ADDRESS,BIRTH,GENDER,NUMBER2,CAREER,CAREERS,EDUWHEN,EDUWHER,EDU,MAJOR,LICENSES1,LICENSES2,LICENSES3,PUBLISHER1,PUBLISHER2,PUBLISHER3,PASSDATE1,PASSDATE2,PASSDATE3,SKILLS1,SKILLS2,SKILLS3,SKILLS4,SKILLS5,PORTFOLIO,SELFINTRO,C_DATE,U_DATE,PHOTO,LICENSES) values ('useri 이력서','useri','최민수','choi9@naver.com','010-9999-9999','서울시 송파구','1992-05-25','남','010-1234-5678','경력','팀장','2016-2021','성균관대학교','대졸','컴퓨터공학','정보처리기사','네트워크관리자격증','정보보안자격증','발행처1','발행처2','발행처3','2021-05-01','2024-01-01','2024-01-01','Java','C#','SQL','HTML','CSS','포트폴리오9','자기소개서9',to_date('24/10/30','RR/MM/DD'),to_date('24/10/30','RR/MM/DD'),null,null);
Insert into RESUMES (TITLE,USER_ID,USERNAME,EMAIL,PHONE_NUMBER,ADDRESS,BIRTH,GENDER,NUMBER2,CAREER,CAREERS,EDUWHEN,EDUWHER,EDU,MAJOR,LICENSES1,LICENSES2,LICENSES3,PUBLISHER1,PUBLISHER2,PUBLISHER3,PASSDATE1,PASSDATE2,PASSDATE3,SKILLS1,SKILLS2,SKILLS3,SKILLS4,SKILLS5,PORTFOLIO,SELFINTRO,C_DATE,U_DATE,PHOTO,LICENSES) values ('userj 이력서','userj','정은지','jung10@naver.com','010-0000-0000','부산시 해운대구','1991-12-05','여','010-1111-2222','경력','선임','2015-2020','한양대학교','대졸','정보통신','정보처리기사','클라우드전문가','IT관리자격증','발행처1','발행처2','발행처3','2020-03-01','2024-01-01','2024-01-01','Network','Security','Cloud Computing','Data Analysis','Project Management','포트폴리오10','자기소개서10',to_date('24/10/30','RR/MM/DD'),to_date('24/10/30','RR/MM/DD'),null,null);
Insert into RESUMES (TITLE,USER_ID,USERNAME,EMAIL,PHONE_NUMBER,ADDRESS,BIRTH,GENDER,NUMBER2,CAREER,CAREERS,EDUWHEN,EDUWHER,EDU,MAJOR,LICENSES1,LICENSES2,LICENSES3,PUBLISHER1,PUBLISHER2,PUBLISHER3,PASSDATE1,PASSDATE2,PASSDATE3,SKILLS1,SKILLS2,SKILLS3,SKILLS4,SKILLS5,PORTFOLIO,SELFINTRO,C_DATE,U_DATE,PHOTO,LICENSES) values ('userk 이력서','userk','김하나','kim11@naver.com','010-1111-2222','대전시 대덕구','1992-03-14','여','010-2222-3333','경력','주임','2013-2018','경북대학교','대졸','기계공학','기계기사','CAD전문가','기계설계자격증','발행처1','발행처2','발행처3','2018-06-01','2024-01-01','2024-01-01','CAD','SolidWorks','Thermodynamics','Mechanical Design','Project Management','포트폴리오11','자기소개서11',to_date('24/10/30','RR/MM/DD'),to_date('24/10/30','RR/MM/DD'),null,null);
Insert into RESUMES (TITLE,USER_ID,USERNAME,EMAIL,PHONE_NUMBER,ADDRESS,BIRTH,GENDER,NUMBER2,CAREER,CAREERS,EDUWHEN,EDUWHER,EDU,MAJOR,LICENSES1,LICENSES2,LICENSES3,PUBLISHER1,PUBLISHER2,PUBLISHER3,PASSDATE1,PASSDATE2,PASSDATE3,SKILLS1,SKILLS2,SKILLS3,SKILLS4,SKILLS5,PORTFOLIO,SELFINTRO,C_DATE,U_DATE,PHOTO,LICENSES) values ('userl 이력서','userl','이유진','lee12@naver.com','010-2222-3333','서울시 마포구','1993-05-25','여','010-3333-4444','경력','상담사','2011-2015','부산대학교','대졸','심리학','심리상담사','상담심리전문가','심리진단자격증','발행처1','발행처2','발행처3','2015-03-01','2024-01-01','2024-01-01','Communication','Counseling','Teamwork','Research','Problem Solving','포트폴리오12','자기소개서12',to_date('24/10/30','RR/MM/DD'),to_date('24/10/30','RR/MM/DD'),null,null);
Insert into RESUMES (TITLE,USER_ID,USERNAME,EMAIL,PHONE_NUMBER,ADDRESS,BIRTH,GENDER,NUMBER2,CAREER,CAREERS,EDUWHEN,EDUWHER,EDU,MAJOR,LICENSES1,LICENSES2,LICENSES3,PUBLISHER1,PUBLISHER2,PUBLISHER3,PASSDATE1,PASSDATE2,PASSDATE3,SKILLS1,SKILLS2,SKILLS3,SKILLS4,SKILLS5,PORTFOLIO,SELFINTRO,C_DATE,U_DATE,PHOTO,LICENSES) values ('userm 이력서','userm','박민영','park13@naver.com','010-3333-4444','인천시 남구','1994-01-20','여','010-4444-5555','경력','디자인팀 리더','2010-2014','경희대학교','대졸','패션디자인','디자인기사','패션디자인자격증','컬러리스트자격증','발행처1','발행처2','발행처3','2014-06-01','2024-01-01','2024-01-01','Fashion Design','Textile Design','Illustration','3D Modeling','Marketing','포트폴리오13','자기소개서13',to_date('24/10/30','RR/MM/DD'),to_date('24/10/30','RR/MM/DD'),null,null);
Insert into RESUMES (TITLE,USER_ID,USERNAME,EMAIL,PHONE_NUMBER,ADDRESS,BIRTH,GENDER,NUMBER2,CAREER,CAREERS,EDUWHEN,EDUWHER,EDU,MAJOR,LICENSES1,LICENSES2,LICENSES3,PUBLISHER1,PUBLISHER2,PUBLISHER3,PASSDATE1,PASSDATE2,PASSDATE3,SKILLS1,SKILLS2,SKILLS3,SKILLS4,SKILLS5,PORTFOLIO,SELFINTRO,C_DATE,U_DATE,PHOTO,LICENSES) values ('usern 이력서','usern','최상현','choi14@naver.com','010-4444-5555','경기도 고양시','1995-11-30','남','010-6666-7777','경력','소프트웨어 개발자','2012-2016','경기대학교','대졸','전산학','정보처리기사','프로그래밍자격증','SQL전문가','발행처1','발행처2','발행처3','2016-05-01','2024-01-01','2024-01-01','Java','Python','SQL','HTML','CSS','포트폴리오14','자기소개서14',to_date('24/10/30','RR/MM/DD'),to_date('24/10/30','RR/MM/DD'),null,null);
Insert into RESUMES (TITLE,USER_ID,USERNAME,EMAIL,PHONE_NUMBER,ADDRESS,BIRTH,GENDER,NUMBER2,CAREER,CAREERS,EDUWHEN,EDUWHER,EDU,MAJOR,LICENSES1,LICENSES2,LICENSES3,PUBLISHER1,PUBLISHER2,PUBLISHER3,PASSDATE1,PASSDATE2,PASSDATE3,SKILLS1,SKILLS2,SKILLS3,SKILLS4,SKILLS5,PORTFOLIO,SELFINTRO,C_DATE,U_DATE,PHOTO,LICENSES) values ('usero 이력서','usero','정소희','jung15@naver.com','010-5555-6666','서울시 강서구','1990-07-15','여','010-7777-8888','경력','사회복지사','2010-2014','서울시립대학교','대졸','사회복지학','사회복지사','상담자격증','위기상담전문가','발행처1','발행처2','발행처3','2014-06-01','2024-01-01','2024-01-01','Communication','Counseling','Community Service','Team Leadership','Problem Solving','포트폴리오15','자기소개서15',to_date('24/10/30','RR/MM/DD'),to_date('24/10/30','RR/MM/DD'),null,null);
Insert into RESUMES (TITLE,USER_ID,USERNAME,EMAIL,PHONE_NUMBER,ADDRESS,BIRTH,GENDER,NUMBER2,CAREER,CAREERS,EDUWHEN,EDUWHER,EDU,MAJOR,LICENSES1,LICENSES2,LICENSES3,PUBLISHER1,PUBLISHER2,PUBLISHER3,PASSDATE1,PASSDATE2,PASSDATE3,SKILLS1,SKILLS2,SKILLS3,SKILLS4,SKILLS5,PORTFOLIO,SELFINTRO,C_DATE,U_DATE,PHOTO,LICENSES) values ('userp 이력서','userp','김민수','kim16@naver.com','010-6666-7777','부산시 북구','1992-11-10','남','010-8888-9999','경력','시스템 엔지니어','2011-2015','부산과학기술대학교','대졸','정보통신','정보처리기사','네트워크관리자격증','시스템관리자','발행처1','발행처2','발행처3','2015-05-01','2024-01-01','2024-01-01','Network','Security','Cloud Computing','Data Analysis','Project Management','포트폴리오16','자기소개서16',to_date('24/10/30','RR/MM/DD'),to_date('24/10/30','RR/MM/DD'),null,null);
Insert into RESUMES (TITLE,USER_ID,USERNAME,EMAIL,PHONE_NUMBER,ADDRESS,BIRTH,GENDER,NUMBER2,CAREER,CAREERS,EDUWHEN,EDUWHER,EDU,MAJOR,LICENSES1,LICENSES2,LICENSES3,PUBLISHER1,PUBLISHER2,PUBLISHER3,PASSDATE1,PASSDATE2,PASSDATE3,SKILLS1,SKILLS2,SKILLS3,SKILLS4,SKILLS5,PORTFOLIO,SELFINTRO,C_DATE,U_DATE,PHOTO,LICENSES) values ('userq 이력서','userq','이수빈','lee17@naver.com','010-7777-7777','대전시 서구','1995-03-28','여','010-9999-0000','신입','간호사','2012-2016','충남대학교','대졸','간호학','간호사','응급구조사','정신간호사','발행처1','발행처2','발행처3','2016-08-01','2024-01-01','2024-01-01','Patient Care','Communication','Teamwork','Critical Thinking','Time Management','포트폴리오17','자기소개서17',to_date('24/10/30','RR/MM/DD'),to_date('24/10/30','RR/MM/DD'),null,null);
Insert into RESUMES (TITLE,USER_ID,USERNAME,EMAIL,PHONE_NUMBER,ADDRESS,BIRTH,GENDER,NUMBER2,CAREER,CAREERS,EDUWHEN,EDUWHER,EDU,MAJOR,LICENSES1,LICENSES2,LICENSES3,PUBLISHER1,PUBLISHER2,PUBLISHER3,PASSDATE1,PASSDATE2,PASSDATE3,SKILLS1,SKILLS2,SKILLS3,SKILLS4,SKILLS5,PORTFOLIO,SELFINTRO,C_DATE,U_DATE,PHOTO,LICENSES) values ('userr 이력서','userr','박지은','park18@naver.com','010-8888-8888','서울시 중구','1994-04-14','여','010-9999-0000','경력','심리상담사','2013-2017','한양대학교','대졸','심리학','심리상담사','상담심리전문가','정신건강상담사','발행처1','발행처2','발행처3','2017-05-01','2024-01-01','2024-01-01','Communication','Counseling','Teamwork','Research','Problem Solving','포트폴리오18','자기소개서18',to_date('24/10/30','RR/MM/DD'),to_date('24/10/30','RR/MM/DD'),null,null);
REM INSERTING into USERBOOKMARK
SET DEFINE OFF;
Insert into USERBOOKMARK (UBOOK_ID,USER_ID,COMPNAME,POST_ID,DEADLINE,S_DATE,JJIM) values (3,'usera','동원','2024년 하반기 각 분야 채용공고',to_date('24/11/30','RR/MM/DD'),to_date('24/11/28','RR/MM/DD'),'OFF');
Insert into USERBOOKMARK (UBOOK_ID,USER_ID,COMPNAME,POST_ID,DEADLINE,S_DATE,JJIM) values (4,'usera','네이버','2024년 하반기 신입사원 채용공고',to_date('24/12/05','RR/MM/DD'),to_date('24/11/28','RR/MM/DD'),'OFF');
Insert into USERBOOKMARK (UBOOK_ID,USER_ID,COMPNAME,POST_ID,DEADLINE,S_DATE,JJIM) values (1,'usera','IMM인베스트먼트','마케팅,홍보,조사 공고1',to_date('24/11/30','RR/MM/DD'),to_date('24/11/28','RR/MM/DD'),'ON');
Insert into USERBOOKMARK (UBOOK_ID,USER_ID,COMPNAME,POST_ID,DEADLINE,S_DATE,JJIM) values (2,'usera','농협','테스트공고입니다.테스트완료2',to_date('24/12/01','RR/MM/DD'),to_date('24/11/28','RR/MM/DD'),'OFF');
REM INSERTING into USERS
SET DEFINE OFF;
Insert into USERS (USER_ID,USERNAME,EMAIL,PASSWORD,PHONE_NUMBER,ADDRESS,J_DATE) values ('admin','관리자','admin@pickme.com','1234','010-1234-5674','부산시 픽미구',to_date('24/10/30','RR/MM/DD'));
Insert into USERS (USER_ID,USERNAME,EMAIL,PASSWORD,PHONE_NUMBER,ADDRESS,J_DATE) values ('usera','김석진','kim1@naver.com','1234','010-1111-1111','부산시 동래구',to_date('24/10/30','RR/MM/DD'));
Insert into USERS (USER_ID,USERNAME,EMAIL,PASSWORD,PHONE_NUMBER,ADDRESS,J_DATE) values ('userb','강태오','lee2@naver.com','1234','010-2222-2222','서울시 강남구',to_date('24/10/30','RR/MM/DD'));
Insert into USERS (USER_ID,USERNAME,EMAIL,PASSWORD,PHONE_NUMBER,ADDRESS,J_DATE) values ('userc','김지우','park3@naver.com','1234','010-3333-3333','인천시 남동구',to_date('24/10/30','RR/MM/DD'));
Insert into USERS (USER_ID,USERNAME,EMAIL,PASSWORD,PHONE_NUMBER,ADDRESS,J_DATE) values ('userd','이주빈','choi4@naver.com','1234','010-4444-4444','대전시 유성구',to_date('24/10/30','RR/MM/DD'));
Insert into USERS (USER_ID,USERNAME,EMAIL,PASSWORD,PHONE_NUMBER,ADDRESS,J_DATE) values ('usere','정정정','jung5@naver.com','1234','010-5555-5555','광주시 북구',to_date('24/10/30','RR/MM/DD'));
Insert into USERS (USER_ID,USERNAME,EMAIL,PASSWORD,PHONE_NUMBER,ADDRESS,J_DATE) values ('userf','김영희','kim6@naver.com','1234','010-6666-6666','대구시 중구',to_date('24/10/30','RR/MM/DD'));
Insert into USERS (USER_ID,USERNAME,EMAIL,PASSWORD,PHONE_NUMBER,ADDRESS,J_DATE) values ('userg','이철수','lee7@naver.com','1234','010-7777-7777','울산시 남구',to_date('24/10/30','RR/MM/DD'));
Insert into USERS (USER_ID,USERNAME,EMAIL,PASSWORD,PHONE_NUMBER,ADDRESS,J_DATE) values ('userh','박지민','park8@naver.com','1234','010-8888-8888','경기도 성남시',to_date('24/10/30','RR/MM/DD'));
Insert into USERS (USER_ID,USERNAME,EMAIL,PASSWORD,PHONE_NUMBER,ADDRESS,J_DATE) values ('useri','최민수','choi9@naver.com','1234','010-9999-9999','서울시 송파구',to_date('24/10/30','RR/MM/DD'));
Insert into USERS (USER_ID,USERNAME,EMAIL,PASSWORD,PHONE_NUMBER,ADDRESS,J_DATE) values ('userj','정은지','jung10@naver.com','1234','010-0000-0000','부산시 해운대구',to_date('24/10/30','RR/MM/DD'));
Insert into USERS (USER_ID,USERNAME,EMAIL,PASSWORD,PHONE_NUMBER,ADDRESS,J_DATE) values ('userk','김하나','kim11@naver.com','1234','010-1111-2222','대전시 대덕구',to_date('24/10/30','RR/MM/DD'));
Insert into USERS (USER_ID,USERNAME,EMAIL,PASSWORD,PHONE_NUMBER,ADDRESS,J_DATE) values ('userl','이유진','lee12@naver.com','1234','010-2222-3333','서울시 마포구',to_date('24/10/30','RR/MM/DD'));
Insert into USERS (USER_ID,USERNAME,EMAIL,PASSWORD,PHONE_NUMBER,ADDRESS,J_DATE) values ('userm','박민영','park13@naver.com','1234','010-3333-4444','인천시 남구',to_date('24/10/30','RR/MM/DD'));
Insert into USERS (USER_ID,USERNAME,EMAIL,PASSWORD,PHONE_NUMBER,ADDRESS,J_DATE) values ('usern','최상현','choi14@naver.com','1234','010-4444-5555','경기도 고양시',to_date('24/10/30','RR/MM/DD'));
Insert into USERS (USER_ID,USERNAME,EMAIL,PASSWORD,PHONE_NUMBER,ADDRESS,J_DATE) values ('usero','정소희','jung15@naver.com','1234','010-5555-6666','서울시 강서구',to_date('24/10/30','RR/MM/DD'));
Insert into USERS (USER_ID,USERNAME,EMAIL,PASSWORD,PHONE_NUMBER,ADDRESS,J_DATE) values ('userp','김민수','kim16@naver.com','1234','010-6666-7777','부산시 북구',to_date('24/10/30','RR/MM/DD'));
Insert into USERS (USER_ID,USERNAME,EMAIL,PASSWORD,PHONE_NUMBER,ADDRESS,J_DATE) values ('userq','이수빈','lee17@naver.com','1234','010-7777-8888','대전시 서구',to_date('24/10/30','RR/MM/DD'));
Insert into USERS (USER_ID,USERNAME,EMAIL,PASSWORD,PHONE_NUMBER,ADDRESS,J_DATE) values ('userr','박지은','park18@naver.com','1234','010-8888-9999','서울시 중구',to_date('24/10/30','RR/MM/DD'));
Insert into USERS (USER_ID,USERNAME,EMAIL,PASSWORD,PHONE_NUMBER,ADDRESS,J_DATE) values ('users','최재원','choi19@naver.com','1234','010-9999-0000','인천시 계양구',to_date('24/10/30','RR/MM/DD'));
Insert into USERS (USER_ID,USERNAME,EMAIL,PASSWORD,PHONE_NUMBER,ADDRESS,J_DATE) values ('usert','정하늘','jung20@naver.com','1234','010-1111-3333','광주시 남구',to_date('24/10/30','RR/MM/DD'));
--------------------------------------------------------
--  DDL for Index PK_POST
--------------------------------------------------------

  CREATE UNIQUE INDEX "PK_POST" ON "PICKTALK" ("POST_ID") 
  PCTFREE 10 INITRANS 2 MAXTRANS 255 COMPUTE STATISTICS 
  STORAGE(INITIAL 65536 NEXT 1048576 MINEXTENTS 1 MAXEXTENTS 2147483645
  PCTINCREASE 0 FREELISTS 1 FREELIST GROUPS 1
  BUFFER_POOL DEFAULT FLASH_CACHE DEFAULT CELL_FLASH_CACHE DEFAULT)
  TABLESPACE "USERS" ;
--------------------------------------------------------
--  DDL for Function GET_FILENUM
--------------------------------------------------------

  CREATE OR REPLACE NONEDITIONABLE FUNCTION "GET_FILENUM" 
RETURN NUMBER 
AS 
 V_NUM  NUMBER(10);
BEGIN
 SELECT (SELECT NVL(MAX(FILE_NUM),0)+1 FROM FILES)
 INTO V_NUM
 FROM DUAL;
 RETURN V_NUM;
END;

commit;

   SELECT 
	IDX,
	MENU_ID,
	REPLACE(TITLE, '\n', '<br/>') TITLE,
	CONTENT,
	WRITER,
	TO_CHAR(REGDATE, 'YYYY-MM-DD HH24:MI:SS' ) REGDATE,
	HIT
   FROM   BOARD
   WHERE  IDX =1;

   SELECT
    FILE_NUM,
    IDX,
    FILENAME,
    FILEEXT,
    SFILENAME
FROM
    FILES
    WHERE IDX =11;

ALTER TABLE JOBPOSTING MODIFY deadline datetime;

/
--------------------------------------------------------
--  Constraints for Table USERBOOKMARK
--------------------------------------------------------

  ALTER TABLE "USERBOOKMARK" MODIFY ("USER_ID" NOT NULL ENABLE);
  ALTER TABLE "USERBOOKMARK" MODIFY ("COMPNAME" NOT NULL ENABLE);
  ALTER TABLE "USERBOOKMARK" MODIFY ("POST_ID" NOT NULL ENABLE);
  ALTER TABLE "USERBOOKMARK" MODIFY ("DEADLINE" NOT NULL ENABLE);
  ALTER TABLE "USERBOOKMARK" ADD PRIMARY KEY ("UBOOK_ID")
  USING INDEX PCTFREE 10 INITRANS 2 MAXTRANS 255 COMPUTE STATISTICS 
  STORAGE(INITIAL 65536 NEXT 1048576 MINEXTENTS 1 MAXEXTENTS 2147483645
  PCTINCREASE 0 FREELISTS 1 FREELIST GROUPS 1
  BUFFER_POOL DEFAULT FLASH_CACHE DEFAULT CELL_FLASH_CACHE DEFAULT)
  TABLESPACE "USERS"  ENABLE;
--------------------------------------------------------
--  Constraints for Table COMBOOKMARK
--------------------------------------------------------

  ALTER TABLE "COMBOOKMARK" MODIFY ("USER_ID" NOT NULL ENABLE);
  ALTER TABLE "COMBOOKMARK" ADD PRIMARY KEY ("CBOOK_ID")
  USING INDEX PCTFREE 10 INITRANS 2 MAXTRANS 255 COMPUTE STATISTICS 
  STORAGE(INITIAL 65536 NEXT 1048576 MINEXTENTS 1 MAXEXTENTS 2147483645
  PCTINCREASE 0 FREELISTS 1 FREELIST GROUPS 1
  BUFFER_POOL DEFAULT FLASH_CACHE DEFAULT CELL_FLASH_CACHE DEFAULT)
  TABLESPACE "USERS"  ENABLE;
--------------------------------------------------------
--  Constraints for Table PICKTALK
--------------------------------------------------------

  ALTER TABLE "PICKTALK" ADD CONSTRAINT "PK_POST" PRIMARY KEY ("POST_ID")
  USING INDEX PCTFREE 10 INITRANS 2 MAXTRANS 255 COMPUTE STATISTICS 
  STORAGE(INITIAL 65536 NEXT 1048576 MINEXTENTS 1 MAXEXTENTS 2147483645
  PCTINCREASE 0 FREELISTS 1 FREELIST GROUPS 1
  BUFFER_POOL DEFAULT FLASH_CACHE DEFAULT CELL_FLASH_CACHE DEFAULT)
  TABLESPACE "USERS"  ENABLE;
  ALTER TABLE "PICKTALK" MODIFY ("USER_ID" NOT NULL ENABLE);
  ALTER TABLE "PICKTALK" MODIFY ("TITLE" NOT NULL ENABLE);
  ALTER TABLE "PICKTALK" MODIFY ("CONTENT" NOT NULL ENABLE);
--------------------------------------------------------
--  Constraints for Table JOBPOSTING
--------------------------------------------------------

  ALTER TABLE "JOBPOSTING" MODIFY ("POST_ID" NOT NULL ENABLE);
  ALTER TABLE "JOBPOSTING" MODIFY ("USER_ID" NOT NULL ENABLE);
  ALTER TABLE "JOBPOSTING" MODIFY ("COMPNAME" NOT NULL ENABLE);
  ALTER TABLE "JOBPOSTING" ADD PRIMARY KEY ("APLNUM")
  USING INDEX PCTFREE 10 INITRANS 2 MAXTRANS 255 COMPUTE STATISTICS 
  STORAGE(INITIAL 65536 NEXT 1048576 MINEXTENTS 1 MAXEXTENTS 2147483645
  PCTINCREASE 0 FREELISTS 1 FREELIST GROUPS 1
  BUFFER_POOL DEFAULT FLASH_CACHE DEFAULT CELL_FLASH_CACHE DEFAULT)
  TABLESPACE "USERS"  ENABLE;
--------------------------------------------------------
--  Constraints for Table RESUMES
--------------------------------------------------------

  ALTER TABLE "RESUMES" MODIFY ("BIRTH" NOT NULL ENABLE);
  ALTER TABLE "RESUMES" MODIFY ("GENDER" NOT NULL ENABLE);
  ALTER TABLE "RESUMES" MODIFY ("CAREER" NOT NULL ENABLE);
  ALTER TABLE "RESUMES" MODIFY ("EDU" NOT NULL ENABLE);
  ALTER TABLE "RESUMES" ADD PRIMARY KEY ("TITLE")
  USING INDEX PCTFREE 10 INITRANS 2 MAXTRANS 255 COMPUTE STATISTICS 
  STORAGE(INITIAL 65536 NEXT 1048576 MINEXTENTS 1 MAXEXTENTS 2147483645
  PCTINCREASE 0 FREELISTS 1 FREELIST GROUPS 1
  BUFFER_POOL DEFAULT FLASH_CACHE DEFAULT CELL_FLASH_CACHE DEFAULT)
  TABLESPACE "USERS"  ENABLE;
--------------------------------------------------------
--  Constraints for Table COMPANY_USERS
--------------------------------------------------------

  ALTER TABLE "COMPANY_USERS" MODIFY ("USERNAME" NOT NULL ENABLE);
  ALTER TABLE "COMPANY_USERS" MODIFY ("COMPNAME" NOT NULL ENABLE);
  ALTER TABLE "COMPANY_USERS" MODIFY ("PASSWORD" NOT NULL ENABLE);
  ALTER TABLE "COMPANY_USERS" ADD PRIMARY KEY ("USER_ID")
  USING INDEX PCTFREE 10 INITRANS 2 MAXTRANS 255 COMPUTE STATISTICS 
  STORAGE(INITIAL 65536 NEXT 1048576 MINEXTENTS 1 MAXEXTENTS 2147483645
  PCTINCREASE 0 FREELISTS 1 FREELIST GROUPS 1
  BUFFER_POOL DEFAULT FLASH_CACHE DEFAULT CELL_FLASH_CACHE DEFAULT)
  TABLESPACE "USERS"  ENABLE;
  ALTER TABLE "COMPANY_USERS" ADD UNIQUE ("EMAIL")
  USING INDEX PCTFREE 10 INITRANS 2 MAXTRANS 255 COMPUTE STATISTICS 
  STORAGE(INITIAL 65536 NEXT 1048576 MINEXTENTS 1 MAXEXTENTS 2147483645
  PCTINCREASE 0 FREELISTS 1 FREELIST GROUPS 1
  BUFFER_POOL DEFAULT FLASH_CACHE DEFAULT CELL_FLASH_CACHE DEFAULT)
  TABLESPACE "USERS"  ENABLE;
--------------------------------------------------------
--  Constraints for Table MESSAGES
--------------------------------------------------------

  ALTER TABLE "MESSAGES" MODIFY ("MCONTENT" NOT NULL ENABLE);
  ALTER TABLE "MESSAGES" ADD PRIMARY KEY ("MESSAGE_ID")
  USING INDEX PCTFREE 10 INITRANS 2 MAXTRANS 255 COMPUTE STATISTICS 
  STORAGE(INITIAL 65536 NEXT 1048576 MINEXTENTS 1 MAXEXTENTS 2147483645
  PCTINCREASE 0 FREELISTS 1 FREELIST GROUPS 1
  BUFFER_POOL DEFAULT FLASH_CACHE DEFAULT CELL_FLASH_CACHE DEFAULT)
  TABLESPACE "USERS"  ENABLE;
--------------------------------------------------------
--  Constraints for Table APPLICATIONS
--------------------------------------------------------

  ALTER TABLE "APPLICATIONS" MODIFY ("USER_ID" NOT NULL ENABLE);
  ALTER TABLE "APPLICATIONS" MODIFY ("APLNUM" NOT NULL ENABLE);
  ALTER TABLE "APPLICATIONS" MODIFY ("POST_ID" NOT NULL ENABLE);
  ALTER TABLE "APPLICATIONS" MODIFY ("TITLE" NOT NULL ENABLE);
  ALTER TABLE "APPLICATIONS" ADD PRIMARY KEY ("APP_ID")
  USING INDEX PCTFREE 10 INITRANS 2 MAXTRANS 255 COMPUTE STATISTICS 
  STORAGE(INITIAL 65536 NEXT 1048576 MINEXTENTS 1 MAXEXTENTS 2147483645
  PCTINCREASE 0 FREELISTS 1 FREELIST GROUPS 1
  BUFFER_POOL DEFAULT FLASH_CACHE DEFAULT CELL_FLASH_CACHE DEFAULT)
  TABLESPACE "USERS"  ENABLE;
--------------------------------------------------------
--  Constraints for Table COMPANY_REVIEWS
--------------------------------------------------------

  ALTER TABLE "COMPANY_REVIEWS" MODIFY ("REVIEW_ID" NOT NULL ENABLE);
  ALTER TABLE "COMPANY_REVIEWS" MODIFY ("USER_ID" NOT NULL ENABLE);
  ALTER TABLE "COMPANY_REVIEWS" MODIFY ("COMPNAME" NOT NULL ENABLE);
  ALTER TABLE "COMPANY_REVIEWS" ADD CHECK (RATING BETWEEN 1 AND 5) ENABLE;
  ALTER TABLE "COMPANY_REVIEWS" ADD PRIMARY KEY ("REVIEW_ID")
  USING INDEX PCTFREE 10 INITRANS 2 MAXTRANS 255 COMPUTE STATISTICS 
  STORAGE(INITIAL 65536 NEXT 1048576 MINEXTENTS 1 MAXEXTENTS 2147483645
  PCTINCREASE 0 FREELISTS 1 FREELIST GROUPS 1
  BUFFER_POOL DEFAULT FLASH_CACHE DEFAULT CELL_FLASH_CACHE DEFAULT)
  TABLESPACE "USERS"  ENABLE;
  ALTER TABLE "COMPANY_REVIEWS" MODIFY ("TITLE" NOT NULL ENABLE);
  ALTER TABLE "COMPANY_REVIEWS" MODIFY ("DIFFICULTY" NOT NULL ENABLE);
  ALTER TABLE "COMPANY_REVIEWS" MODIFY ("MOOD" NOT NULL ENABLE);
--------------------------------------------------------
--  Constraints for Table COMMENTS
--------------------------------------------------------

  ALTER TABLE "COMMENTS" ADD PRIMARY KEY ("COMT_ID")
  USING INDEX PCTFREE 10 INITRANS 2 MAXTRANS 255 COMPUTE STATISTICS 
  STORAGE(INITIAL 65536 NEXT 1048576 MINEXTENTS 1 MAXEXTENTS 2147483645
  PCTINCREASE 0 FREELISTS 1 FREELIST GROUPS 1
  BUFFER_POOL DEFAULT FLASH_CACHE DEFAULT CELL_FLASH_CACHE DEFAULT)
  TABLESPACE "USERS"  ENABLE;
--------------------------------------------------------
--  Constraints for Table COMPANY
--------------------------------------------------------

  ALTER TABLE "COMPANY" MODIFY ("CEO" NOT NULL ENABLE);
  ALTER TABLE "COMPANY" MODIFY ("PHONE_NUMBER" NOT NULL ENABLE);
  ALTER TABLE "COMPANY" MODIFY ("ADDRESS" NOT NULL ENABLE);
  ALTER TABLE "COMPANY" ADD PRIMARY KEY ("COMPNAME")
  USING INDEX PCTFREE 10 INITRANS 2 MAXTRANS 255 COMPUTE STATISTICS 
  STORAGE(INITIAL 65536 NEXT 1048576 MINEXTENTS 1 MAXEXTENTS 2147483645
  PCTINCREASE 0 FREELISTS 1 FREELIST GROUPS 1
  BUFFER_POOL DEFAULT FLASH_CACHE DEFAULT CELL_FLASH_CACHE DEFAULT)
  TABLESPACE "USERS"  ENABLE;
  ALTER TABLE "COMPANY" MODIFY ("LOGO" NOT NULL ENABLE);
--------------------------------------------------------
--  Constraints for Table CS
--------------------------------------------------------

  ALTER TABLE "CS" MODIFY ("TYPE" NOT NULL ENABLE);
  ALTER TABLE "CS" MODIFY ("CSP_TITLE" NOT NULL ENABLE);
  ALTER TABLE "CS" MODIFY ("USER_ID" NOT NULL ENABLE);
  ALTER TABLE "CS" MODIFY ("CONTENT" NOT NULL ENABLE);
  ALTER TABLE "CS" MODIFY ("EMAIL" NOT NULL ENABLE);
  ALTER TABLE "CS" ADD PRIMARY KEY ("CSP_ID")
  USING INDEX PCTFREE 10 INITRANS 2 MAXTRANS 255 COMPUTE STATISTICS 
  STORAGE(INITIAL 65536 NEXT 1048576 MINEXTENTS 1 MAXEXTENTS 2147483645
  PCTINCREASE 0 FREELISTS 1 FREELIST GROUPS 1
  BUFFER_POOL DEFAULT FLASH_CACHE DEFAULT CELL_FLASH_CACHE DEFAULT)
  TABLESPACE "USERS"  ENABLE;
--------------------------------------------------------
--  Constraints for Table USERS
--------------------------------------------------------

  ALTER TABLE "USERS" MODIFY ("USERNAME" NOT NULL ENABLE);
  ALTER TABLE "USERS" MODIFY ("EMAIL" NOT NULL ENABLE);
  ALTER TABLE "USERS" MODIFY ("PASSWORD" NOT NULL ENABLE);
  ALTER TABLE "USERS" ADD PRIMARY KEY ("USER_ID")
  USING INDEX PCTFREE 10 INITRANS 2 MAXTRANS 255 COMPUTE STATISTICS 
  STORAGE(INITIAL 65536 NEXT 1048576 MINEXTENTS 1 MAXEXTENTS 2147483645
  PCTINCREASE 0 FREELISTS 1 FREELIST GROUPS 1
  BUFFER_POOL DEFAULT FLASH_CACHE DEFAULT CELL_FLASH_CACHE DEFAULT)
  TABLESPACE "USERS"  ENABLE;
  ALTER TABLE "USERS" ADD UNIQUE ("EMAIL")
  USING INDEX PCTFREE 10 INITRANS 2 MAXTRANS 255 COMPUTE STATISTICS 
  STORAGE(INITIAL 65536 NEXT 1048576 MINEXTENTS 1 MAXEXTENTS 2147483645
  PCTINCREASE 0 FREELISTS 1 FREELIST GROUPS 1
  BUFFER_POOL DEFAULT FLASH_CACHE DEFAULT CELL_FLASH_CACHE DEFAULT)
  TABLESPACE "USERS"  ENABLE;
--------------------------------------------------------
--  Constraints for Table PICKTALK_COMMENTS
--------------------------------------------------------

  ALTER TABLE "PICKTALK_COMMENTS" MODIFY ("COMMENT_ID" NOT NULL ENABLE);
  ALTER TABLE "PICKTALK_COMMENTS" MODIFY ("POST_ID" NOT NULL ENABLE);
  ALTER TABLE "PICKTALK_COMMENTS" MODIFY ("USER_ID" NOT NULL ENABLE);
  ALTER TABLE "PICKTALK_COMMENTS" MODIFY ("CONTENT" NOT NULL ENABLE);
  ALTER TABLE "PICKTALK_COMMENTS" ADD PRIMARY KEY ("COMMENT_ID")
  USING INDEX PCTFREE 10 INITRANS 2 MAXTRANS 255 COMPUTE STATISTICS 
  STORAGE(INITIAL 65536 NEXT 1048576 MINEXTENTS 1 MAXEXTENTS 2147483645
  PCTINCREASE 0 FREELISTS 1 FREELIST GROUPS 1
  BUFFER_POOL DEFAULT FLASH_CACHE DEFAULT CELL_FLASH_CACHE DEFAULT)
  TABLESPACE "USERS"  ENABLE;
--------------------------------------------------------
--  Ref Constraints for Table APPLICATIONS
--------------------------------------------------------

  ALTER TABLE "APPLICATIONS" ADD CONSTRAINT "FK_USER_ID1" FOREIGN KEY ("USER_ID")
	  REFERENCES "USERS" ("USER_ID") ON DELETE CASCADE ENABLE;
  ALTER TABLE "APPLICATIONS" ADD CONSTRAINT "FK_APLNUM" FOREIGN KEY ("APLNUM")
	  REFERENCES "JOBPOSTING" ("APLNUM") ON DELETE CASCADE ENABLE;
  ALTER TABLE "APPLICATIONS" ADD CONSTRAINT "FK_TITLE" FOREIGN KEY ("TITLE")
	  REFERENCES "RESUMES" ("TITLE") ENABLE;
--------------------------------------------------------
--  Ref Constraints for Table COMBOOKMARK
--------------------------------------------------------

  ALTER TABLE "COMBOOKMARK" ADD CONSTRAINT "SYS_C008511" FOREIGN KEY ("USER_ID")
	  REFERENCES "COMPANY_USERS" ("USER_ID") ON DELETE CASCADE ENABLE;
  ALTER TABLE "COMBOOKMARK" ADD FOREIGN KEY ("TITLE")
	  REFERENCES "RESUMES" ("TITLE") ENABLE;
--------------------------------------------------------
--  Ref Constraints for Table COMPANY_REVIEWS
--------------------------------------------------------

  ALTER TABLE "COMPANY_REVIEWS" ADD FOREIGN KEY ("USER_ID")
	  REFERENCES "USERS" ("USER_ID") ENABLE;
  ALTER TABLE "COMPANY_REVIEWS" ADD FOREIGN KEY ("COMPNAME")
	  REFERENCES "COMPANY" ("COMPNAME") ENABLE;
--------------------------------------------------------
--  Ref Constraints for Table COMPANY_USERS
--------------------------------------------------------

  ALTER TABLE "COMPANY_USERS" ADD CONSTRAINT "FK_COMPNAME" FOREIGN KEY ("COMPNAME")
	  REFERENCES "COMPANY" ("COMPNAME") ENABLE;
--------------------------------------------------------
--  Ref Constraints for Table JOBPOSTING
--------------------------------------------------------

  ALTER TABLE "JOBPOSTING" ADD CONSTRAINT "FK_USER_ID" FOREIGN KEY ("USER_ID")
	  REFERENCES "COMPANY_USERS" ("USER_ID") ON DELETE CASCADE ENABLE;
  ALTER TABLE "JOBPOSTING" ADD CONSTRAINT "FK_COMPNAME1" FOREIGN KEY ("COMPNAME")
	  REFERENCES "COMPANY" ("COMPNAME") ENABLE;
--------------------------------------------------------
--  Ref Constraints for Table PICKTALK_COMMENTS
--------------------------------------------------------

  ALTER TABLE "PICKTALK_COMMENTS" ADD CONSTRAINT "FK_POST" FOREIGN KEY ("POST_ID")
	  REFERENCES "PICKTALK" ("POST_ID") ENABLE;
--------------------------------------------------------
--  Ref Constraints for Table RESUMES
--------------------------------------------------------

  ALTER TABLE "RESUMES" ADD CONSTRAINT "FK_USER_ID2" FOREIGN KEY ("USER_ID")
	  REFERENCES "USERS" ("USER_ID") ON DELETE CASCADE ENABLE;
